Surname,Firstname,ID number,Institution,Department,Email address,State,Started on,Completed,Time taken,Grade/10.00,Q. 1 /1.00,Q. 2 /1.00,Q. 3 /1.00,Q. 4 /1.00,Q. 5 /1.00,Q. 6 /1.00,Q. 7 /1.00,Q. 8 /1.00,Q. 9 /1.00,Q. 10 /1.00
16BTCSES11,SIDDHANT  GUPTA,,,,,Finished,08-02-2019 09:57,08-02-2019 10:11,14 mins 1 sec,4,1,1,0,0,0,1,0,1,0,0
16BTCSES11,ARPIT  SHARMA,,,,,Finished,08-02-2019 09:57,08-02-2019 10:11,14 mins 5 secs,5,1,0,1,0,0,0,0,1,1,1
16BTCSES11,VISHAL  SINGH,,,,,Finished,08-02-2019 09:57,14-02-2019 10:10,6 days,7,0,1,1,0,1,1,1,1,1,0
16BTCSES11,AKASH  YADAV,,,,,Finished,08-02-2019 09:57,14-02-2019 12:03,6 days 2 hours,9,1,1,1,1,1,0,1,1,1,1
16BTCSES11,MANISH  SAHANI,,,,,Finished,08-02-2019 09:57,08-02-2019 23:09,13 hours 11 mins,7,1,1,0,0,0,1,1,1,1,1
16BTCSES11,NIKHIL  PAL,,,,,Finished,08-02-2019 09:58,08-02-2019 10:08,10 mins 34 secs,4,1,0,1,0,0,0,0,0,1,1
16BTCSES11,ABHIJEET  NEGI,,,,,Finished,08-02-2019 09:58,08-02-2019 10:07,9 mins 25 secs,1,0,0,0,0,0,0,0,0,1,0
16BTCSES11,Prateek  Mishra,,,,,Finished,08-02-2019 09:58,08-02-2019 10:15,17 mins,7,1,1,1,1,1,0,1,0,1,0
16BTCSES11,Saakshi,,,,,Finished,08-02-2019 09:58,08-02-2019 10:12,14 mins 33 secs,5,1,0,1,0,0,1,1,1,0,0
16BTCSES11,SUGANDH  AGARWAL,,,,,Finished,08-02-2019 09:58,09-02-2019 19:14,1 day 9 hours,7,1,1,0,0,1,1,0,1,1,1
16BTCSES11,ANURAG  SINGH,,,,,Finished,08-02-2019 09:58,08-02-2019 10:14,16 mins 9 secs,6,1,1,0,0,1,0,0,1,1,1
16BTCSES11,SHEETAL  KALANTRI,,,,,Finished,08-02-2019 09:58,09-02-2019 09:49,23 hours 51 mins,8,1,1,0,0,1,1,1,1,1,1
16BTCSES11,ARCHIT  BANSAL,,,,,Finished,08-02-2019 09:58,08-02-2019 10:14,15 mins 45 secs,5,1,1,0,0,0,0,1,0,1,1
16BTCSES11,prashant  dixit,,,,,Finished,08-02-2019 09:58,09-02-2019 09:16,23 hours 18 mins,10,1,1,1,1,1,1,1,1,1,1
16BTCSES11,SAURABH  SINGH,,,,,Finished,08-02-2019 09:58,09-02-2019 08:51,22 hours 52 mins,10,1,1,1,1,1,1,1,1,1,1
16BTCSES11,ANADI  MISHRA,,,,,Finished,08-02-2019 09:58,08-02-2019 10:13,14 mins 54 secs,5,0,0,1,0,1,0,0,1,1,1
16BTCSES11,ABHISHEK  SHARMA,,,,,Finished,08-02-2019 09:58,08-02-2019 10:13,14 mins 44 secs,5,1,0,0,0,0,0,1,1,1,1
16BTCSES11,VISHAL  GOSWAMI,,,,,Finished,08-02-2019 09:58,08-02-2019 10:15,16 mins 55 secs,10,1,1,1,1,1,1,1,1,1,1
16BTCSES11,MANJEET  KUMAR,,,,,Finished,08-02-2019 09:58,08-02-2019 10:13,15 mins 6 secs,4,0,0,1,0,0,1,0,1,1,0
16BTCSES11,RISHAV  Kumar,,,,,Finished,08-02-2019 09:59,08-02-2019 10:14,15 mins 28 secs,8,1,1,1,0,0,1,1,1,1,1
16BTCSES11,TANMAY  RASTOGI,,,,,Finished,08-02-2019 10:01,08-02-2019 23:55,13 hours 53 mins,10,1,1,1,1,1,1,1,1,1,1
16BTCSCCS1,SIDDHARTH  SOMVANSHI,,,,,Finished,08-02-2019 10:10,09-02-2019 10:29,1 day,6,1,1,0,0,1,0,1,0,1,1
16BTCSES12,POOJA  TYAGI,,,,,Finished,08-02-2019 11:45,08-02-2019 11:54,8 mins 51 secs,4,1,0,0,0,1,1,0,1,0,0
16BTCSES12,SHIVANI  GRIWAN,,,,,Finished,08-02-2019 11:45,08-02-2019 11:54,8 mins 52 secs,4,1,0,0,0,1,1,0,1,0,0
16BTCSCNS1,KUNAL  BATHAM,,,,,Finished,08-02-2019 11:45,08-02-2019 11:56,10 mins 54 secs,10,1,1,1,1,1,1,1,1,1,1
16BTCSCNS1,KARTIKEY  SAINI,,,,,Finished,08-02-2019 11:45,08-02-2019 11:58,12 mins 28 secs,4,1,0,1,0,0,0,1,0,1,0
16BTCSCNS1,VIKRANT  SINGH,,,,,Finished,08-02-2019 11:45,08-02-2019 11:54,8 mins 44 secs,3,0,0,0,0,0,1,1,0,1,0
16BTCSCNS1,ARCHIT  SEHGAL,,,,,Finished,08-02-2019 11:45,08-02-2019 11:56,10 mins 23 secs,7,1,1,1,0,0,0,1,1,1,1
16BTCSCNS1,SHRAVAN KUMAR SINGH,,,,,Finished,08-02-2019 11:45,08-02-2019 11:57,12 mins 4 secs,2,0,0,0,0,0,0,1,1,0,0
16BTCSCNS1,Shobhit  Mehta,,,,,Finished,08-02-2019 11:45,08-02-2019 11:56,10 mins 40 secs,5,0,1,1,0,0,1,1,0,1,0
16BTCSCNS1,Mohd Nezamul Hasan,,,,,Finished,08-02-2019 11:45,08-02-2019 11:56,10 mins 44 secs,10,1,1,1,1,1,1,1,1,1,1
16BTCSCNS1,ARSALAN  TABREZ,,,,,Finished,08-02-2019 11:45,08-02-2019 11:56,10 mins 23 secs,6,0,1,1,0,1,1,1,1,0,0
16BTCSES12,KARTIKEY  JOSHI,,,,,Finished,08-02-2019 11:45,08-02-2019 12:00,14 mins 33 secs,6,1,1,1,0,0,1,1,1,0,0
16BTCSCNS1,AKSHAT  AKARSH,,,,,Finished,08-02-2019 11:45,08-02-2019 11:59,13 mins 14 secs,5,1,1,0,0,0,0,1,1,1,0
16BTCSCNS1,ANKIT  KUMAR,,,,,Finished,08-02-2019 11:45,08-02-2019 11:57,12 mins 9 secs,4,0,0,0,0,1,0,0,1,1,1
16BTCSCNS1,AKANKSHA  SINGH,,,,,Finished,08-02-2019 11:45,08-02-2019 11:56,10 mins 54 secs,5,0,1,0,0,0,1,1,1,1,0
16BTCSES12,NEERAJ  BHATT,,,,,Finished,08-02-2019 11:45,08-02-2019 11:58,12 mins 52 secs,4,1,1,0,0,0,1,0,1,0,0
16BTCSCNS1,ASHWANI KUMAR SINGH,,,,,Finished,08-02-2019 11:45,08-02-2019 11:57,11 mins 20 secs,5,0,0,1,0,1,1,1,1,0,0
16BTCSCNS1,ASHUTOSH  SRIVASTAVA,,,,,Finished,08-02-2019 11:45,08-02-2019 11:58,12 mins 55 secs,8,1,1,0,0,1,1,1,1,1,1
16BTCSES12,SHIVALI  KESHARI,,,,,Finished,08-02-2019 11:45,08-02-2019 12:02,16 mins 36 secs,4,0,1,1,0,1,0,0,0,1,0
16BTCSCNS1,MUKUL  KATHAIT,,,,,Finished,08-02-2019 11:46,08-02-2019 11:57,11 mins 25 secs,4,1,0,0,0,0,0,0,1,1,1
16BTCSES12,NIKHIL  MISHRA,,,,,Finished,08-02-2019 11:46,08-02-2019 12:00,14 mins 18 secs,4,1,0,0,0,0,1,0,0,1,1
16BTCSCNS1,AKANKSHA  CHAUDHARY,,,,,Finished,08-02-2019 11:46,08-02-2019 11:58,12 mins 27 secs,5,0,1,1,0,0,1,0,1,1,0
16BTCSES12,SHUBHAM KUMAR DUBEY,,,,,Finished,08-02-2019 11:46,08-02-2019 11:53,7 mins 11 secs,1,0,0,0,1,0,0,0,0,0,0
16BTCSCNS1,ALOK  PANDEY,,,,,Finished,08-02-2019 11:46,08-02-2019 11:57,11 mins 13 secs,5,1,1,0,0,0,0,1,0,1,1
16BTCSCNS1,ANMOL  RAJ,,,,,Finished,08-02-2019 11:46,08-02-2019 11:57,11 mins 36 secs,4,1,1,0,0,0,0,1,0,1,0
16BTCSCNS1,AKASH  GUPTA,,,,,Finished,08-02-2019 11:46,08-02-2019 12:00,14 mins 13 secs,8,0,0,1,1,1,1,1,1,1,1
16BTCSES12,LAKSHAY  ARORA,,,,,Finished,08-02-2019 11:46,08-02-2019 11:52,6 mins 13 secs,6,0,1,1,0,0,1,1,1,1,0
16BTCSCNS1,ROHIT  NANDAN,,,,,Finished,08-02-2019 11:46,08-02-2019 11:57,11 mins 1 sec,6,0,1,1,0,1,1,0,1,1,0
16BTCSCNS1,YASHU  SINGHAL,,,,,Finished,08-02-2019 11:46,08-02-2019 11:54,8 mins 10 secs,4,0,0,0,0,0,1,1,0,1,1
16BTCSCNS1,ANGEL  KASHYAP,,,,,Finished,08-02-2019 11:46,08-02-2019 11:57,10 mins 52 secs,5,0,1,0,0,0,1,1,1,1,0
16BTCSES12,AMIT KUMAR SHARMA,,,,,Finished,08-02-2019 11:46,08-02-2019 12:00,14 mins 11 secs,3,0,0,0,0,0,0,1,1,1,0
16BTCSES12,KAMAL  PAL,,,,,Finished,08-02-2019 11:46,08-02-2019 12:02,16 mins 20 secs,4,1,1,0,0,0,0,1,1,0,0
16BTCSCNS1,HRITHIK  DHAKREY,,,,,Finished,08-02-2019 11:46,08-02-2019 11:56,10 mins 35 secs,4,0,0,0,0,1,0,0,1,1,1
16BTCSES12,VAIBHAV  HANDA,,,,,Finished,08-02-2019 11:46,08-02-2019 11:52,6 mins 25 secs,5,1,0,0,0,1,0,1,0,1,1
16BTCSCNS1,SRISHTI MISHRA,,,,,Finished,08-02-2019 11:46,08-02-2019 11:58,11 mins 28 secs,9,0,1,1,1,1,1,1,1,1,1
16BTCSCNS1,POOJA  RAI,,,,,Finished,08-02-2019 11:46,08-02-2019 11:58,12 mins 10 secs,9,1,1,1,1,1,1,0,1,1,1
16BTCSCNS1,SHIVANGI  CHAUDHARY,,,,,Finished,08-02-2019 11:46,08-02-2019 11:59,12 mins 38 secs,4,1,1,0,0,1,0,0,1,0,0
16BTCSCNS1,Akash,,,,,Finished,08-02-2019 11:46,08-02-2019 11:55,9 mins 1 sec,3,1,1,0,0,0,0,0,0,0,1
16BTCSES12,RITU  BANSAL,,,,,Finished,08-02-2019 11:46,08-02-2019 11:52,5 mins 56 secs,4,1,0,0,0,0,0,1,1,1,0
16BTCSES12,jitendra  kumar,,,,,Finished,08-02-2019 11:46,08-02-2019 11:58,11 mins 37 secs,4,0,1,0,0,0,0,1,1,1,0
16BTCSCNS1,SHRESTH  SHARMA,,,,,Finished,08-02-2019 11:46,08-02-2019 11:54,8 mins 9 secs,6,1,0,1,0,0,1,1,1,1,0
16BTCSCNS1,SANCHIT  VADERA,,,,,Finished,08-02-2019 11:46,08-02-2019 11:54,7 mins 22 secs,6,1,1,0,0,0,1,1,0,1,1
16BTCSCNS1,KRISHNA KANT NATH TIWARI,,,,,Finished,08-02-2019 11:46,08-02-2019 11:57,11 mins 6 secs,7,1,1,0,0,1,0,1,1,1,1
16BTCSES8,MOHD  PARVEZ,,,,,Finished,08-02-2019 11:46,08-02-2019 11:52,5 mins 52 secs,4,1,0,0,0,0,0,1,1,1,0
16BTCSES12,AKSHANSH  BHADAURIYA,,,,,Finished,08-02-2019 11:46,08-02-2019 12:01,14 mins 28 secs,4,0,0,1,0,1,0,1,0,1,0
16BTCSCNS1,shreya  sharma,,,,,Finished,08-02-2019 11:46,08-02-2019 11:58,11 mins 43 secs,4,0,1,0,0,0,0,1,1,1,0
16BTCSCNS1,DEVYANI  SAWHNEY,,,,,Finished,08-02-2019 11:46,08-02-2019 11:58,11 mins 13 secs,5,1,1,0,0,0,1,1,0,1,0
16BTCSCNS1,RITIKA  PANDEY,,,,,Finished,08-02-2019 11:46,08-02-2019 11:57,10 mins 22 secs,5,0,1,0,0,0,1,1,1,1,0
16BTCSCNS1,AHAD  KHAN,,,,,Finished,08-02-2019 11:46,08-02-2019 11:57,10 mins 58 secs,4,0,0,0,0,1,0,0,1,1,1
16BTCSCNS1,ANCHAL  AGRAWAL,,,,,Finished,08-02-2019 11:46,08-02-2019 11:59,12 mins 24 secs,4,1,1,0,1,0,0,0,1,0,0
16BTCSCNS1,ADARSH PRATAP SINGH,,,,,Finished,08-02-2019 11:47,08-02-2019 11:55,8 mins 31 secs,10,1,1,1,1,1,1,1,1,1,1
16BTCSCNS1,NITYA  SINGHAL,,,,,Finished,08-02-2019 11:47,08-02-2019 11:57,10 mins 21 secs,4,1,1,1,0,0,0,0,1,0,0
16BTCSES12,AMAN  KULSHRESTHA,,,,,Finished,08-02-2019 11:47,08-02-2019 12:02,15 mins,3,0,0,0,0,0,0,1,1,1,0
16BTCSES12,VARUN  MISHRA,,,,,Finished,08-02-2019 11:47,08-02-2019 11:59,12 mins 11 secs,3,0,0,0,0,0,0,1,0,1,1
16BTCSES12,PRABHUTVA SINGH BISHT,,,,,Finished,08-02-2019 11:47,08-02-2019 12:01,14 mins 8 secs,5,0,1,0,0,1,0,1,1,1,0
16BTCSES12,SAGAR  RAJ,,,,,Finished,08-02-2019 11:47,08-02-2019 11:55,8 mins 14 secs,3,0,0,1,0,0,0,0,1,1,0
16BTCSCNS1,DIVYAM KISHORE SINGH,,,,,Finished,08-02-2019 11:47,08-02-2019 11:59,11 mins 59 secs,8,1,1,0,0,1,1,1,1,1,1
16BTCSES12,KAJAL  RAJPUT,,,,,Finished,08-02-2019 11:47,08-02-2019 11:56,8 mins 42 secs,9,1,1,1,1,0,1,1,1,1,1
16BTCSES12,AMAN  KUMAR,,,,,Finished,08-02-2019 11:47,08-02-2019 11:59,11 mins 39 secs,6,1,1,1,1,0,0,1,1,0,0
16BTCSES12,OJASVI KUMAR MAURYA,,,,,Finished,08-02-2019 11:47,08-02-2019 12:02,14 mins 21 secs,8,0,1,0,1,1,1,1,1,1,1
16BTCSCNS1,ABHISHEK RANJAN PANDEY,,,,,Finished,08-02-2019 11:48,08-02-2019 11:54,6 mins 3 secs,4,1,0,0,0,0,1,0,0,1,1
16BTCSCNS1,ADITYA RAJ SINGH,,,,,Finished,08-02-2019 11:49,08-02-2019 11:59,9 mins 14 secs,3,0,0,1,0,0,0,1,1,0,0
16BTCSCNS1,Harbhajan  Singh,,,,,Finished,08-02-2019 11:49,08-02-2019 11:59,9 mins 15 secs,5,0,0,1,1,0,1,1,1,0,0
16BTCSES12,PRASHANT  KUMAR,,,,,Finished,08-02-2019 11:50,08-02-2019 11:58,8 mins 5 secs,5,0,1,1,0,0,1,0,1,0,1
16BTCSES12,LAKSHAY  VASHISTHA,,,,,Finished,08-02-2019 11:51,14-02-2019 17:09,6 days 5 hours,8,1,1,0,0,1,1,1,1,1,1
16BTCSES12,Prem  shankar.,,,,,Finished,08-02-2019 11:51,08-02-2019 12:00,9 mins 20 secs,10,1,1,1,1,1,1,1,1,1,1
16BTCSES12,ASHISH  SINGH,,,,,Finished,08-02-2019 11:58,08-02-2019 12:00,2 mins 21 secs,10,1,1,1,1,1,1,1,1,1,1
16BTCSES12,YASH  SHARMA,,,,,Finished,08-02-2019 12:00,14-02-2019 17:09,6 days 5 hours,1,1,0,-,-,-,-,-,-,-,-
16BTCSES1,Aman  Pandey,,,,,Finished,08-02-2019 15:59,08-02-2019 16:05,6 mins 29 secs,5,0,0,0,1,0,1,1,1,1,0
16BTCSES1,AAYUSH  TYAGI,,,,,Finished,08-02-2019 15:59,08-02-2019 16:06,7 mins 14 secs,5,0,0,0,0,0,1,1,1,1,1
16BTCSES1,ABHISHEK,,,,,Finished,08-02-2019 16:06,08-02-2019 16:22,15 mins 41 secs,7,1,1,0,0,1,0,1,1,1,1
16BTCSES1,SHIVAM  DHINGRA,,,,,Finished,08-02-2019 16:17,08-02-2019 16:42,24 mins 41 secs,3,0,0,1,0,0,1,0,0,1,0
16BTCSES1,SEJAL  SINGH,,,,,Finished,08-02-2019 16:19,08-02-2019 16:42,22 mins 58 secs,8,1,1,1,1,1,0,0,1,1,1
16BTCSES1,MANALI  ANAND,,,,,Finished,08-02-2019 16:19,08-02-2019 16:41,21 mins 3 secs,6,1,1,0,0,1,0,0,1,1,1
16BTCSES1,RITESH KUMAR BHARADWAJ,,,,,Finished,08-02-2019 16:20,08-02-2019 16:36,16 mins 20 secs,8,1,0,1,0,1,1,1,1,1,1
16BTCSES1,PRAGATI  KUMARI,,,,,Finished,08-02-2019 16:20,08-02-2019 16:41,20 mins 37 secs,5,0,0,0,0,1,1,1,0,1,1
16BTCSES1,ANIRUDH  SRIVASTAVA,,,,,Finished,08-02-2019 16:20,08-02-2019 16:31,10 mins 47 secs,3,0,0,0,0,1,0,0,1,1,0
16BTCSES1,ADITI  SINGH,,,,,Finished,08-02-2019 16:21,08-02-2019 16:37,16 mins 52 secs,5,1,0,0,0,0,1,1,1,1,0
16BTCSES1,PIYUSH  KUMAR,,,,,Finished,08-02-2019 16:21,08-02-2019 16:40,18 mins 44 secs,5,1,1,0,0,1,0,0,1,1,0
16BTCSES1,ANSHIKA  SINGH,,,,,Finished,08-02-2019 16:22,08-02-2019 16:45,23 mins 30 secs,5,1,1,0,0,0,1,0,0,1,1
16BTCSES1,CHANDAN  KUMAR,,,,,Finished,08-02-2019 16:22,08-02-2019 16:47,25 mins 8 secs,4,0,0,1,0,0,1,0,1,0,1
16BTCSES1,KARTIK  TOMAR,,,,,Finished,08-02-2019 16:23,08-02-2019 16:41,17 mins 57 secs,7,1,1,0,0,1,0,1,1,1,1
16BTCSES1,ROHAN  NEGI,,,,,Finished,08-02-2019 16:23,08-02-2019 16:41,17 mins 57 secs,7,1,1,0,0,1,0,1,1,1,1
16BTCSES1,ARITRA  DAS,,,,,Finished,08-02-2019 16:26,08-02-2019 16:42,16 mins 3 secs,7,1,1,0,0,1,0,1,1,1,1
16BTCSES1,ARNOB  CHAKRABORTY,,,,,Finished,08-02-2019 16:28,08-02-2019 16:47,18 mins 53 secs,10,1,1,1,1,1,1,1,1,1,1
16BTCSES1,ADITYA  MANKAR,,,,,Finished,08-02-2019 16:28,08-02-2019 16:45,16 mins 59 secs,7,0,1,0,1,1,0,1,1,1,1
16BTCSES1,RISHABH  SINGH,,,,,Finished,08-02-2019 16:29,08-02-2019 16:46,17 mins 24 secs,6,1,0,0,0,1,0,1,1,1,1
16BTCSES1,NISHCHHAL  SHARMA,,,,,Finished,08-02-2019 16:29,08-02-2019 16:48,19 mins 42 secs,10,1,1,1,1,1,1,1,1,1,1
16BTCSES1,YASHU  CHAUHAN,,,,,Finished,08-02-2019 16:29,08-02-2019 16:43,14 mins,10,1,1,1,1,1,1,1,1,1,1
16BTCSES1,DEEPANSHU  VERMA,,,,,Finished,08-02-2019 16:35,08-02-2019 16:51,15 mins 41 secs,5,1,0,0,0,1,0,1,0,1,1
16BTCSES1,YASH RAJ SRIVASTAVA,,,,,Finished,08-02-2019 16:36,08-02-2019 16:50,13 mins 58 secs,5,1,1,0,0,0,0,1,1,1,0
16BTCSES1,DEEPESH  YADAV,,,,,Finished,08-02-2019 16:36,12-02-2019 13:48,3 days 21 hours,10,1,1,1,1,1,1,1,1,1,1
16BTCSES1,KARAN  SINGH,,,,,Finished,08-02-2019 16:36,08-02-2019 16:50,13 mins 46 secs,5,1,1,0,0,0,0,1,1,1,0
16BTCSES1,ROHIT SINGH RATHORE,,,,,Finished,08-02-2019 16:57,08-02-2019 17:08,11 mins 11 secs,3,0,0,0,0,1,0,1,0,0,1
16BTCSES1,KRISHNA  AGGRAWAL,,,,,Finished,08-02-2019 16:58,08-02-2019 17:06,8 mins 26 secs,6,1,1,1,0,1,0,1,0,0,1
16BTCSES1,ANUPAM  PATHAK,,,,,Finished,08-02-2019 17:12,08-02-2019 17:15,2 mins 57 secs,10,1,1,1,1,1,1,1,1,1,1
16BTCSES1,AMAN  SHARMA,,,,,Finished,08-02-2019 17:16,08-02-2019 17:17,1 min 40 secs,10,1,1,1,1,1,1,1,1,1,1
16BTCSES1,DHANANJAY  MEWATI,,,,,Finished,08-02-2019 20:02,08-02-2019 20:08,5 mins 39 secs,10,1,1,1,1,1,1,1,1,1,1
16BTCSCCS1,AMAN  GUPTA,,,,,Finished,08-02-2019 20:42,08-02-2019 21:03,21 mins 51 secs,8,1,1,0,0,1,1,1,1,1,1
16BTCSES1,GAUTAM  KUMAR,,,,,Finished,08-02-2019 21:02,08-02-2019 21:10,7 mins 57 secs,10,1,1,1,1,1,1,1,1,1,1
16BTCSES4,ASHISH KUMAR SAH,,,,,Finished,08-02-2019 22:05,08-02-2019 22:29,24 mins 10 secs,5,0,0,0,0,1,0,1,1,1,1
16BTCSES9,MOHAMMAD  ASIM,,,,,Finished,08-02-2019 22:09,11-02-2019 19:36,2 days 21 hours,8,1,1,0,0,1,1,1,1,1,1
16BTCSES1,HARISH KUMAR PATIDAR,,,,,Finished,08-02-2019 22:13,08-02-2019 22:14,1 min 43 secs,10,1,1,1,1,1,1,1,1,1,1
16BTCSES3,Sarthak  Monga,,,,,Finished,08-02-2019 22:56,08-02-2019 23:40,44 mins 4 secs,8,1,0,1,0,1,1,1,1,1,1
16BTCSES11,SATYENDRA  YADAV,,,,,Finished,08-02-2019 23:19,08-02-2019 23:22,3 mins,9,0,1,1,1,1,1,1,1,1,1
16BTCSES9,VISHAL KUMAR PRAJAPATI,,,,,Finished,08-02-2019 23:46,09-02-2019 14:26,14 hours 40 mins,3,0,0,0,0,0,0,1,1,0,1
16BTCSCNS1,Subham  Garg,,,,,Finished,08-02-2019 23:58,09-02-2019 00:30,32 mins 29 secs,7,1,0,0,0,1,1,1,1,1,1
16BTCSES4,AMAN  JAIN,,,,,Finished,09-02-2019 08:45,09-02-2019 09:08,23 mins 21 secs,7,1,1,1,0,1,0,1,1,0,1
16BTCSES11,AASTHA  PANWAR,,,,,Finished,09-02-2019 09:06,09-02-2019 09:08,1 min 46 secs,10,1,1,1,1,1,1,1,1,1,1
16BTCSES11,NIKHIL  SHRIVASTVA,,,,,Finished,09-02-2019 09:19,09-02-2019 09:30,10 mins 59 secs,4,0,1,0,0,0,1,0,0,1,1
16BTCSES4,MOHAMMAD SAMIN HASAN,,,,,Finished,09-02-2019 09:37,09-02-2019 10:02,24 mins 42 secs,4,1,0,1,0,0,0,1,0,1,0
16BTCSCCS1,SAI PRASAD MISHRA,,,,,Finished,09-02-2019 10:12,09-02-2019 10:34,21 mins 58 secs,9,1,1,1,0,1,1,1,1,1,1
16BTCSCCS1,RIYA  GOYAL,,,,,Finished,09-02-2019 10:12,09-02-2019 10:24,11 mins 47 secs,4,1,0,0,0,0,0,1,0,1,1
16BTCSCCS1,MAYANK  SINGH,,,,,Finished,09-02-2019 10:12,09-02-2019 10:27,14 mins 5 secs,6,1,0,0,0,1,0,1,1,1,1
16BTCSCCS1,Omkar  Singh,,,,,Finished,09-02-2019 10:13,09-02-2019 10:25,12 mins 13 secs,5,0,0,0,0,1,1,1,1,0,1
16BTCSCCS1,ANUJ  KUMAR,,,,,Finished,09-02-2019 10:13,09-02-2019 10:26,13 mins 51 secs,7,1,1,1,0,1,1,0,1,0,1
16BTCSCCS1,KESHAV  PRASAD,,,,,Finished,09-02-2019 10:13,09-02-2019 10:30,16 mins 55 secs,8,1,1,0,0,1,1,1,1,1,1
16BTCSCCS1,VASHU  PHOR,,,,,Finished,09-02-2019 10:13,09-02-2019 10:24,11 mins 7 secs,4,1,0,1,0,1,0,1,0,0,0
16BTCSCCS1,SHRESHTHA  GUPTA,,,,,Finished,09-02-2019 10:13,09-02-2019 10:26,13 mins 4 secs,10,1,1,1,1,1,1,1,1,1,1
16BTCSCCS1,TUSHAR  GARG,,,,,Finished,09-02-2019 10:13,09-02-2019 10:26,12 mins 53 secs,6,1,0,0,0,0,1,1,1,1,1
16BTCSCCS1,NITIN  RANA,,,,,Finished,09-02-2019 10:13,09-02-2019 10:33,20 mins 9 secs,7,1,1,0,0,1,1,1,0,1,1
16BTCSCCS1,DURGA  KUMAR,,,,,Finished,09-02-2019 10:13,09-02-2019 10:27,14 mins 26 secs,5,1,0,0,0,1,0,0,1,1,1
16BTCSCCS1,ANSHUL  KUMAR,,,,,Finished,09-02-2019 10:13,09-02-2019 10:26,12 mins 23 secs,10,1,1,1,1,1,1,1,1,1,1
16BTCSCCS1,MANIK  GUPTA,,,,,Finished,09-02-2019 10:13,09-02-2019 10:26,12 mins 22 secs,9,0,1,1,1,1,1,1,1,1,1
16BTCSCCS1,RAHUL,,,,,Finished,09-02-2019 10:13,09-02-2019 10:30,16 mins 35 secs,9,1,1,1,0,1,1,1,1,1,1
16BTCSCCS1,Kapil  Rawal,,,,,Finished,09-02-2019 10:13,09-02-2019 10:32,18 mins 33 secs,10,1,1,1,1,1,1,1,1,1,1
16BTCSCCS1,SHREYA  SRIVASTAVA,,,,,Finished,09-02-2019 10:14,09-02-2019 10:31,17 mins 10 secs,9,1,1,1,0,1,1,1,1,1,1
16BTCSCCS1,TANISHA  KUMARI,,,,,Finished,09-02-2019 10:14,09-02-2019 10:26,12 mins 43 secs,5,1,0,0,0,1,0,1,0,1,1
16BTCSCCS1,DHRUV  SAINI,,,,,Finished,09-02-2019 10:14,09-02-2019 10:33,19 mins 29 secs,6,1,1,0,0,1,1,1,0,1,0
16BTCSCCS1,SANDEEP  KUMAR,,,,,Finished,09-02-2019 10:14,09-02-2019 10:31,16 mins 56 secs,6,1,1,0,0,1,1,1,0,1,0
16BTCSCCS1,Rithik  Seth,,,,,Finished,09-02-2019 10:14,09-02-2019 10:23,9 mins 41 secs,6,1,1,0,0,1,0,1,1,1,0
16BTCSCCS1,MAHIMA  SINGH,,,,,Finished,09-02-2019 10:14,09-02-2019 10:24,9 mins 41 secs,7,1,0,0,0,1,1,1,1,1,1
16BTCSCCS1,UJJWAL  SRIVASTAVA,,,,,Finished,09-02-2019 10:15,09-02-2019 10:37,22 mins 14 secs,7,1,0,0,0,1,1,1,1,1,1
16BTCSCCS1,AYUSH  MOHAN,,,,,Finished,09-02-2019 10:15,09-02-2019 10:30,15 mins 11 secs,5,1,0,1,0,1,1,1,0,0,0
16BTCSCCS1,AKASH  ADWAIT,,,,,Finished,09-02-2019 10:15,09-02-2019 10:29,14 mins 37 secs,10,1,1,1,1,1,1,1,1,1,1
16BTCSCCS1,RAVI  PANDIT,,,,,Finished,09-02-2019 10:15,09-02-2019 10:35,19 mins 54 secs,9,1,1,1,0,1,1,1,1,1,1
16BTCSCCS1,RAHUL  KUMAR,,,,,Finished,09-02-2019 10:15,09-02-2019 10:28,12 mins 44 secs,10,1,1,1,1,1,1,1,1,1,1
16BTCSCCS1,SOURAV  RAJ,,,,,Finished,09-02-2019 10:15,09-02-2019 10:24,9 mins 18 secs,8,1,1,0,0,1,1,1,1,1,1
16BTCSCCS1,DEVANSHI  AWASTHI,,,,,Finished,09-02-2019 10:15,09-02-2019 10:30,15 mins 10 secs,7,1,0,1,0,1,0,1,1,1,1
16BTCSCCS1,YASH WARRDHAN GAUTAM,,,,,Finished,09-02-2019 10:16,09-02-2019 10:35,18 mins 52 secs,8,1,1,1,0,1,1,1,0,1,1
16BTCSCCS1,ADARSH KUMAR PANDEY,,Galgotias University,SCSE,,Finished,09-02-2019 10:17,09-02-2019 10:32,15 mins 32 secs,8,1,1,1,0,1,1,1,1,0,1
16BTCSCCS1,POONAM  KUMARI,,,,,Finished,09-02-2019 10:17,09-02-2019 10:34,16 mins 53 secs,9,1,1,0,1,1,1,1,1,1,1
16BTCSCCS1,SUMIT  KUMAR,,,,,Finished,09-02-2019 10:17,09-02-2019 10:27,9 mins 48 secs,10,1,1,1,1,1,1,1,1,1,1
16BTCSCCS1,SHUBHAM  KUMAR,,,,,Finished,09-02-2019 10:18,09-02-2019 10:30,12 mins 52 secs,10,1,1,1,1,1,1,1,1,1,1
16BTCSCCS1,SHAHID  RAHMANI,,,,,Finished,09-02-2019 10:18,09-02-2019 10:30,12 mins 12 secs,9,1,1,1,0,1,1,1,1,1,1
16BTCSCCS1,SAUNDARYA  KUMAR,,,,,Finished,09-02-2019 10:30,09-02-2019 10:31,1 min 3 secs,10,1,1,1,1,1,1,1,1,1,1
16BTCSCCS1,SAURAV KUMAR VERMA,,,,,Finished,09-02-2019 10:31,09-02-2019 10:32,1 min 16 secs,10,1,1,1,1,1,1,1,1,1,1
16BTCSES12,KUMAR  SHUBHAM,,,,,Finished,09-02-2019 12:34,09-02-2019 12:41,6 mins 20 secs,3,0,0,0,0,0,0,1,1,0,1
16BTCSES1,YAMAN  ASWAL,,,,,Finished,09-02-2019 13:23,09-02-2019 13:25,1 min 55 secs,8,1,0,1,0,1,1,1,1,1,1
16BTCSES4,SAUBHAGYA  DUBEY,,,,,Finished,09-02-2019 14:58,09-02-2019 15:02,3 mins 43 secs,3,1,0,0,0,0,0,1,0,0,1
16BTCSES8,SAKSHI  RAJ,,,,,Finished,09-02-2019 15:00,09-02-2019 15:06,5 mins 50 secs,3,0,0,0,0,0,1,0,0,1,1
16BTCSES8,SOURAV  TIWARI,,,,,Finished,09-02-2019 15:00,14-02-2019 17:09,5 days 2 hours,0,-,-,-,-,-,-,-,-,-,-
16BTCSES8,AKSHAY  ANAND,,,,,Finished,09-02-2019 15:00,09-02-2019 15:09,8 mins 46 secs,6,1,0,0,0,0,1,1,1,1,1
16BTCSES8,RISHABH  CHATURVEDI,,,,,Finished,09-02-2019 15:00,09-02-2019 15:08,7 mins 44 secs,6,1,0,1,0,1,0,1,1,1,0
16BTCSES8,HARSH  RAJ,,,,,Finished,09-02-2019 15:00,09-02-2019 15:10,9 mins 50 secs,10,1,1,1,1,1,1,1,1,1,1
16BTCSES8,YOGESH  JOSHI,,,,,Finished,09-02-2019 15:01,09-02-2019 15:10,9 mins 25 secs,10,1,1,1,1,1,1,1,1,1,1
16BTCSES8,SAUMYA  PRIYA,,,,,Finished,09-02-2019 15:01,09-02-2019 15:08,7 mins 33 secs,4,0,1,0,0,0,1,1,0,1,0
16BTCSES8,NIKITA  BHATIA,,,,,Finished,09-02-2019 15:01,09-02-2019 15:11,10 mins 33 secs,4,0,1,0,0,0,1,1,0,1,0
16BTCSES8,TATHAGAT SINHA,,,,,Finished,09-02-2019 15:01,09-02-2019 15:08,7 mins 17 secs,10,1,1,1,1,1,1,1,1,1,1
16BTCSES8,PRASHANT  JAGLAN,,,,,Finished,09-02-2019 15:01,09-02-2019 15:11,9 mins 26 secs,5,0,0,1,0,0,1,1,1,1,0
16BTCSES8,AKASH  CHAUHAN,,,,,Finished,09-02-2019 15:02,09-02-2019 15:15,13 mins 7 secs,5,0,1,0,0,0,1,1,1,1,0
16BTCSES8,AJEET  KUMAR,,,,,Finished,09-02-2019 15:02,09-02-2019 15:11,8 mins 42 secs,10,1,1,1,1,1,1,1,1,1,1
16BTCSES8,SHUBHAM  SINGH,,,,,Finished,09-02-2019 15:03,09-02-2019 15:08,4 mins 52 secs,5,1,0,0,0,0,1,1,0,1,1
16BTCSES8,VISHAL KUMAR SINGH,,,,,Finished,09-02-2019 15:03,09-02-2019 15:14,11 mins 29 secs,4,0,1,0,0,0,0,1,0,1,1
16BTCSES4,BEENISH  FAZAL,,,,,Finished,09-02-2019 15:03,09-02-2019 15:08,4 mins 49 secs,10,1,1,1,1,1,1,1,1,1,1
16BTCSES8,R SACHIN KUMAR,16scse101450,,cse,,Finished,09-02-2019 15:03,09-02-2019 15:11,7 mins 51 secs,4,1,0,0,0,1,0,0,0,1,1
16BTCSES8,AYUSH  GUPTA,,,,,Finished,09-02-2019 15:03,09-02-2019 15:15,11 mins 51 secs,3,0,1,0,0,0,0,0,1,1,0
16BTCSES8,NIKHIL  VARSHNEY,,,,,Finished,09-02-2019 15:08,09-02-2019 15:12,3 mins 51 secs,10,1,1,1,1,1,1,1,1,1,1
16BTCSES8,ADRASH  KUMAR,,,,,Finished,09-02-2019 15:09,10-02-2019 08:16,17 hours 6 mins,10,1,1,1,1,1,1,1,1,1,1
16BTCSES3,GAURAV  PANDEY,,,,,Finished,09-02-2019 15:20,09-02-2019 15:39,19 mins 10 secs,7,1,1,0,0,0,1,1,1,1,1
16BTCSES3,SHREYA  VATSALA,,,,,Finished,09-02-2019 15:22,09-02-2019 15:40,17 mins 48 secs,6,1,0,0,1,0,1,1,1,0,1
16BTCSES3,MEETUSHA  SINGHAL,,,,,Finished,09-02-2019 15:22,09-02-2019 15:34,11 mins 49 secs,4,1,1,0,0,0,0,1,0,1,0
16BTCSES3,Rajan  Gupta,,,,,Finished,09-02-2019 15:22,09-02-2019 15:38,16 mins 9 secs,2,0,0,1,0,0,0,0,1,0,0
16BTCSES3,SHAILI  GANGWAR,,,,,Finished,09-02-2019 15:22,09-02-2019 15:41,18 mins 21 secs,5,1,0,0,0,0,1,1,1,0,1
16BTCSES3,MRIDUL  MAZUMDAR,,,,,Finished,09-02-2019 15:23,09-02-2019 15:37,13 mins 50 secs,6,1,1,0,0,0,1,1,1,1,0
16BTCSES3,AADIT  BHARDWAJ,,,,,Finished,09-02-2019 15:23,09-02-2019 15:40,17 mins 17 secs,7,1,1,0,0,0,1,1,1,1,1
16BTCSES3,SUBHASH SINGH NEGI,,,,,Finished,09-02-2019 15:24,09-02-2019 15:36,12 mins 40 secs,3,0,0,0,0,0,0,1,0,1,1
16BTCSES3,VISHAL  TYAGI,,,,,Finished,09-02-2019 15:24,09-02-2019 15:36,12 mins 40 secs,4,0,0,0,0,0,0,1,1,1,1
16BTCSES3,RAHUL  SINHA,,,,,Finished,09-02-2019 15:24,09-02-2019 15:35,11 mins 15 secs,4,0,0,0,0,1,1,0,0,1,1
16BTCSES3,RAHUL  TIWARI,,,,,Finished,09-02-2019 15:24,09-02-2019 15:38,14 mins 11 secs,4,1,0,0,1,0,0,1,0,1,0
16BTCSES3,KARANVEER  SINGH,,,,,Finished,09-02-2019 15:24,09-02-2019 15:39,14 mins 59 secs,5,1,0,0,1,0,0,1,1,1,0
16BTCSES3,VISHAL  YADAV,,,,,Finished,09-02-2019 15:25,09-02-2019 15:39,14 mins 21 secs,4,1,0,0,1,0,0,1,0,1,0
16BTCSES3,AVI  VATS,,,,,Finished,09-02-2019 15:25,09-02-2019 15:39,13 mins 4 secs,9,1,1,0,1,1,1,1,1,1,1
16BTCSES3,AYUSH  ANAND,,,,,Finished,09-02-2019 15:26,09-02-2019 15:36,10 mins 32 secs,3,0,0,0,0,0,0,1,1,1,0
16BTCSES3,KARAN  AGGARWAL,,,,,Finished,09-02-2019 15:37,09-02-2019 15:41,4 mins 23 secs,10,1,1,1,1,1,1,1,1,1,1
16BTCSES3,LAVALESH  YADAV,,,,,Finished,09-02-2019 15:38,09-02-2019 15:41,3 mins 21 secs,10,1,1,1,1,1,1,1,1,1,1
16BTCSES3,AVIRAL  CHANCHAL,,,,,Finished,09-02-2019 15:39,09-02-2019 15:42,2 mins 37 secs,10,1,1,1,1,1,1,1,1,1,1
16BTCSES8,SHUBHAM  GOYAL,,,,,Finished,09-02-2019 16:15,09-02-2019 16:19,3 mins 22 secs,10,1,1,1,1,1,1,1,1,1,1
16BTCSES2,KM SWETA SHARMA,,,,,Finished,09-02-2019 18:57,09-02-2019 19:50,53 mins,9,1,1,1,1,1,1,1,0,1,1
16BTCSES4,ASHISH  KAMRA,,,,,Finished,09-02-2019 19:28,09-02-2019 19:44,15 mins 36 secs,7,1,0,0,0,1,1,1,1,1,1
16BTCSES4,ABHISHEK  PATHANIA,,,,,Finished,09-02-2019 21:17,09-02-2019 21:48,31 mins 13 secs,7,1,1,0,0,1,0,1,1,1,1
16BTCSDAS1,RAJEEV  SHISHODIA,,,,,Finished,09-02-2019 22:01,09-02-2019 23:09,1 hour 8 mins,7,1,0,1,0,0,1,1,1,1,1
16BTCSCCS1,NAINCY  KASHYAP,,,,,Finished,09-02-2019 22:29,09-02-2019 22:36,6 mins 24 secs,9,1,1,1,1,0,1,1,1,1,1
16BTCSES8,MOHAMMAD  UMAIR,,,,,Finished,09-02-2019 23:04,09-02-2019 23:21,16 mins 53 secs,10,1,1,1,1,1,1,1,1,1,1
16BTCSES4,SAUMYA  SINGH,,,,,Finished,09-02-2019 23:17,10-02-2019 00:07,50 mins 16 secs,9,1,1,1,0,1,1,1,1,1,1
16BTCSES2,PRABHAKAR  ANAND,,,,,Finished,09-02-2019 23:23,09-02-2019 23:25,1 min 32 secs,10,1,1,1,1,1,1,1,1,1,1
16BTCSES3,OSHI  RAJ,,,,,Finished,09-02-2019 23:37,09-02-2019 23:48,10 mins 56 secs,5,0,0,0,0,1,1,0,1,1,1
16BTCSES4,DEEPANSHU  MADAN,,,,,Finished,10-02-2019 01:18,10-02-2019 02:33,1 hour 14 mins,4,0,1,0,0,0,1,0,1,1,0
16BTCSES5,HIMANSHU  SINGH,,,,,Finished,10-02-2019 10:19,10-02-2019 10:56,37 mins 26 secs,7,1,0,0,0,1,1,1,1,1,1
16BTCSES3,VARISHA  HASAN,,,,,Finished,10-02-2019 12:01,10-02-2019 12:53,51 mins 28 secs,6,0,1,0,0,0,1,1,1,1,1
16BTCSES4,ABHISHEK KUMAR SINGH,,,,,Finished,10-02-2019 13:53,10-02-2019 14:27,34 mins 11 secs,7,1,1,1,0,0,0,1,1,1,1
16BTCSES5,SHIVANSH  BAJPAI,,,,,Finished,10-02-2019 14:53,10-02-2019 15:40,46 mins 45 secs,7,1,0,0,0,1,1,1,1,1,1
16BTCSES3,Swaraj  Nair,,,,,Finished,10-02-2019 15:27,10-02-2019 15:31,3 mins 19 secs,9,0,1,1,1,1,1,1,1,1,1
16BTBAOS1,utsav  ramayan,,,,,Finished,10-02-2019 18:45,10-02-2019 19:34,49 mins 11 secs,6,1,0,0,0,1,0,1,1,1,1
16BTCSDAS1,SAURAV  SINGH,,,,,Finished,10-02-2019 18:45,10-02-2019 19:34,48 mins 18 secs,7,1,0,0,0,1,1,1,1,1,1
16BTCSES4,SARFARAJ  AHMAD,,,,,Finished,10-02-2019 19:34,10-02-2019 19:46,12 mins 25 secs,2,0,0,0,0,0,1,0,1,0,0
16BTCSES4,PAKHI  PORWAL,,,,,Finished,10-02-2019 19:43,10-02-2019 20:00,16 mins 53 secs,7,1,1,0,0,0,1,1,1,1,1
16BTCSES4,tarun  chaturvedi,,,,,Finished,10-02-2019 20:03,10-02-2019 20:07,4 mins 3 secs,10,1,1,1,1,1,1,1,1,1,1
16BTCSES9,AYUSH  TYAGI,,,,,Finished,10-02-2019 22:20,10-02-2019 22:32,12 mins 29 secs,5,1,0,1,0,0,1,1,0,1,0
16BTCSES2,ANURAG  YADAV,,,,,Finished,10-02-2019 22:48,10-02-2019 22:53,4 mins 49 secs,9,1,1,1,1,1,1,1,1,1,0
16BTCSES11,SURAJ  SAXENA,,,,,Finished,11-02-2019 02:05,11-02-2019 02:11,6 mins 23 secs,10,1,1,1,1,1,1,1,1,1,1
16BTCSDAS1,RITU  KUMARI,,,,,Finished,11-02-2019 10:28,11-02-2019 10:36,8 mins 6 secs,3,0,0,0,0,0,1,0,1,1,0
16BTCSDAS1,VIVEK  KUMAR,,,,,Finished,11-02-2019 11:51,11-02-2019 12:34,42 mins 39 secs,6,1,0,0,1,1,1,1,0,1,0
16BTCSDAS1,SMRITI  SHIKHA,,,,,Finished,11-02-2019 12:37,11-02-2019 13:07,30 mins 3 secs,4,1,0,0,0,0,1,0,0,1,1
16BTCSES11,JAYANT  VATS,,,,,Finished,11-02-2019 13:05,11-02-2019 13:10,4 mins 54 secs,4,0,1,0,0,0,0,1,1,1,0
16BTCSES1,RISHABH  CHAUHAN,,,,,Finished,11-02-2019 13:30,11-02-2019 13:36,6 mins 4 secs,10,1,1,1,1,1,1,1,1,1,1
16BTCSES1,VISHAL  CHAUHAN,,,,,Finished,11-02-2019 13:37,11-02-2019 13:40,3 mins 15 secs,10,1,1,1,1,1,1,1,1,1,1
16BTCSES5,SHASHANK  BARANWAL,,,,,Finished,11-02-2019 13:55,11-02-2019 14:19,23 mins 36 secs,7,1,0,0,0,1,1,1,1,1,1
16BTBAOS1,VARUN  SINGH,,,,,Finished,11-02-2019 16:33,11-02-2019 16:52,18 mins 48 secs,7,1,0,0,0,1,1,1,1,1,1
16BTCSES4,NISHANT  PANDEY,,,,,Finished,11-02-2019 17:11,11-02-2019 17:21,10 mins 13 secs,2,0,0,1,0,0,0,1,0,0,0
16BTCSES4,ASTHA  JAIN,,,,,Finished,11-02-2019 18:25,11-02-2019 18:29,4 mins 17 secs,10,1,1,1,1,1,1,1,1,1,1
16BTBAOS1,SHUSHIL LAL DAS,,,,,Finished,11-02-2019 18:59,11-02-2019 19:16,16 mins 33 secs,5,1,0,0,1,0,1,0,1,1,0
16BTCSES4,KSHITIJ  BHATNAGAR,,,,,Finished,11-02-2019 19:29,11-02-2019 19:33,4 mins 26 secs,10,1,1,1,1,1,1,1,1,1,1
16BTCSES4,YASH  GARG,,,,,Finished,11-02-2019 19:34,11-02-2019 19:36,1 min 57 secs,10,1,1,1,1,1,1,1,1,1,1
16BTCSES2,MUSKAN  BHARTI,,,,,Finished,11-02-2019 19:42,12-02-2019 15:50,20 hours 8 mins,9,1,1,1,1,1,1,0,1,1,1
16BTCSES2,MUSKAN  BANSAL,,,,,Finished,11-02-2019 21:09,11-02-2019 21:14,4 mins 52 secs,10,1,1,1,1,1,1,1,1,1,1
16BTCSES9,ABHISHEK  VERMA,,,,,Finished,11-02-2019 23:17,11-02-2019 23:32,15 mins 21 secs,5,1,1,0,0,1,0,0,1,1,0
16BTCSES4,UTKARSH  PANDEY,,,,,Finished,11-02-2019 23:44,11-02-2019 23:47,2 mins 16 secs,10,1,1,1,1,1,1,1,1,1,1
16BTCSES2,AADISHWAR  SHUKLA,,,,,Finished,12-02-2019 00:06,12-02-2019 00:10,3 mins 19 secs,10,1,1,1,1,1,1,1,1,1,1
16BTBAOS1,PRINCE  PAWAN,,,,,Finished,12-02-2019 08:56,12-02-2019 09:55,59 mins,9,1,1,1,0,1,1,1,1,1,1
16BTBAOS1,POOJA  SINGH,,,,,Finished,12-02-2019 08:56,12-02-2019 09:52,56 mins 6 secs,6,0,0,0,0,1,1,1,1,1,1
16BTBAOS1,SAURABH  KUMAR,,,,,Finished,12-02-2019 09:02,12-02-2019 09:56,54 mins 8 secs,9,1,1,1,1,1,1,1,0,1,1
16BTBAOS1,MUKUL  BHARDWAJ,,,,,Finished,12-02-2019 09:24,12-02-2019 09:51,27 mins 6 secs,6,1,0,0,0,1,0,1,1,1,1
16BTBAOS1,PRATYUSH  SRIVASTAVA,,,,,Finished,12-02-2019 09:28,12-02-2019 09:38,9 mins 53 secs,4,0,0,1,0,0,1,0,1,1,0
16BTBAOS1,UTKARSH  DWIVEDI,,,,,Finished,12-02-2019 09:39,12-02-2019 09:42,3 mins 1 sec,10,1,1,1,1,1,1,1,1,1,1
16BTBAOS1,RAVIKANT  SHARMA,,,,,Finished,12-02-2019 09:56,12-02-2019 09:57,1 min 48 secs,10,1,1,1,1,1,1,1,1,1,1
16BTBAOS1,GHANSHYAM JI JHA,,,,,Finished,12-02-2019 09:58,12-02-2019 10:00,1 min 43 secs,8,1,1,1,1,1,1,1,0,0,1
16BTBAOS1,RAGHAV  SHARMA,,,,,Finished,12-02-2019 09:58,12-02-2019 10:04,5 mins 43 secs,10,1,1,1,1,1,1,1,1,1,1
16BTBAOS1,MOHAN  SHARMA,,,,,Finished,12-02-2019 10:04,12-02-2019 10:06,1 min 31 secs,10,1,1,1,1,1,1,1,1,1,1
16BTBAOS1,ANANT  KRISHNA,,,,,Finished,12-02-2019 10:05,12-02-2019 10:06,1 min 26 secs,10,1,1,1,1,1,1,1,1,1,1
16BTBAOS1,VAKUL  AGARWAL,,,,,Finished,12-02-2019 10:07,12-02-2019 10:08,1 min 12 secs,10,1,1,1,1,1,1,1,1,1,1
16BTCSBAOS1,Mahesh  Sharma,,,,,Finished,12-02-2019 10:08,12-02-2019 10:12,3 mins 50 secs,10,1,1,1,1,1,1,1,1,1,1
16BTBAOS1,MOHD ANAS ZAFAR,,,,,Finished,12-02-2019 10:08,12-02-2019 10:11,3 mins 24 secs,10,1,1,1,1,1,1,1,1,1,1
16BTBAOS1,GYAN  PRAKASH,,,,,Finished,12-02-2019 10:11,12-02-2019 10:16,5 mins 5 secs,10,1,1,1,1,1,1,1,1,1,1
16BTBAOS1,SHAMSHAD  AHMAD,,,,,Finished,12-02-2019 10:11,12-02-2019 10:16,4 mins 44 secs,10,1,1,1,1,1,1,1,1,1,1
16BTBAOS1,Ritwiz  Shandilya,,,,,Finished,12-02-2019 10:13,12-02-2019 10:14,1 min 22 secs,10,1,1,1,1,1,1,1,1,1,1
16BTCSES10,PRIYANKA  SHIVHARE,,,,,Finished,12-02-2019 10:37,12-02-2019 11:04,26 mins 39 secs,6,1,0,0,0,1,1,1,1,1,0
16BTCSES10,ALANKRIT  AGNIHOTRI,,,,,Finished,12-02-2019 10:37,12-02-2019 11:00,22 mins 44 secs,8,1,1,1,0,0,1,1,1,1,1
16BTCSES10,MOHIT  GUPTA,,,,,Finished,12-02-2019 10:37,12-02-2019 11:08,30 mins 46 secs,10,1,1,1,1,1,1,1,1,1,1
16BTCSES10,ABHISHEK  CHATURVEDI,,,,,Finished,12-02-2019 10:38,12-02-2019 10:55,17 mins 17 secs,5,1,1,0,0,0,0,0,1,1,1
16BTCSES10,AAJAD  CHAUHAN,,,,,Finished,12-02-2019 10:38,12-02-2019 11:16,38 mins 17 secs,4,1,0,0,0,-,0,1,1,1,0
16BTCSES10,AADARSH  KUMAR,,,,,Finished,12-02-2019 10:38,12-02-2019 10:57,19 mins 4 secs,6,1,0,0,0,0,1,1,1,1,1
16BTCSES10,SWATI  KUMARI,,,,,Finished,12-02-2019 10:38,12-02-2019 10:47,8 mins 54 secs,4,1,0,1,1,0,1,0,0,0,0
16BTCSES10,VIKASH  KUMAR,,,,,Finished,12-02-2019 10:40,12-02-2019 11:00,20 mins 1 sec,9,1,1,0,1,1,1,1,1,1,1
16BTCSES10,MOHD  ASHRAF,,,,,Finished,12-02-2019 10:43,12-02-2019 10:56,12 mins 41 secs,7,1,0,1,0,0,1,1,1,1,1
16BTCSES10,DEEPAK  PRAJAPATI,,,,,Finished,12-02-2019 10:57,12-02-2019 11:12,15 mins 2 secs,10,1,1,1,1,1,1,1,1,1,1
16BTCSES10,YASH  KUSHWAHA,,,,,Finished,12-02-2019 11:04,12-02-2019 11:10,6 mins 3 secs,10,1,1,1,1,1,1,1,1,1,1
16BTCSES10,RAHUL  YADAV,,,,,Finished,12-02-2019 11:06,12-02-2019 11:08,2 mins 36 secs,10,1,1,1,1,1,1,1,1,1,1
16BTCSES6,SAKSHAM  SINGH,,,,,Finished,12-02-2019 11:39,12-02-2019 11:51,12 mins 20 secs,7,1,0,1,0,0,1,1,1,1,1
16BTCSES2,ANUPAMA  PANDEY,,,,,Finished,12-02-2019 12:14,12-02-2019 12:15,1 min 21 secs,10,1,1,1,1,1,1,1,1,1,1
16BTCSES3,KUHU  SRIVASTAVA,,,,,Finished,12-02-2019 12:43,12-02-2019 13:07,24 mins 1 sec,4,0,0,0,0,0,1,1,1,1,0
16BTCSES2,Shubham Singhal,,,,,Finished,12-02-2019 13:24,12-02-2019 13:26,2 mins 30 secs,10,1,1,1,1,1,1,1,1,1,1
16BTCSES2,VISHAL  GUPTA,,,,,Finished,12-02-2019 13:29,12-02-2019 13:31,2 mins 10 secs,10,1,1,1,1,1,1,1,1,1,1
16BTCSES2,SHIKHA  NANDI,,,,,Finished,12-02-2019 13:29,12-02-2019 13:31,1 min 48 secs,10,1,1,1,1,1,1,1,1,1,1
16BTCSES2,LAKSHMI  AGRAHARI,,,,,Finished,12-02-2019 13:32,12-02-2019 13:33,1 min 2 secs,10,1,1,1,1,1,1,1,1,1,1
16BTCSES2,DEEPAK  GUPTA,,,,,Finished,12-02-2019 13:33,12-02-2019 13:34,1 min 1 sec,10,1,1,1,1,1,1,1,1,1,1
16BTCSCCS1,RISHABH  AMBASHT,,,,,Finished,12-02-2019 13:53,12-02-2019 14:31,37 mins 49 secs,10,1,1,1,1,1,1,1,1,1,1
16BTCSES2,AKSHAT  KUMAR,,,,,Finished,12-02-2019 15:09,12-02-2019 15:10,1 min 4 secs,10,1,1,1,1,1,1,1,1,1,1
16BTCSES7,PRANSHU  VERMA,,,,,Finished,12-02-2019 15:30,12-02-2019 15:47,16 mins 54 secs,5,0,0,0,0,1,1,1,1,1,0
16BTCSES7,UTKARSH  KUMAR,,,,,Finished,12-02-2019 15:31,12-02-2019 15:46,15 mins 22 secs,6,0,0,1,0,1,1,1,1,0,1
16BTCSES2,ABHISHEK  CHAUDHARY,,,,,Finished,12-02-2019 15:31,12-02-2019 15:55,23 mins 39 secs,5,0,0,0,0,0,1,1,1,1,1
16BTCSES7,NISHANT  KETU,,,,,Finished,12-02-2019 15:31,12-02-2019 15:48,16 mins 54 secs,10,1,1,1,1,1,1,1,1,1,1
16BTCSES2,KRISHNA  KUMAR,,,,,Finished,12-02-2019 15:32,12-02-2019 15:47,14 mins 51 secs,7,0,0,0,1,1,1,1,1,1,1
16BTCSES2,AAYUSH  KUMAR,,,,,Finished,12-02-2019 15:32,12-02-2019 15:50,17 mins 54 secs,4,1,0,0,0,1,0,0,0,1,1
16BTCSES2,DHIRAJ PRATAP SINGH,,,,,Finished,12-02-2019 15:33,12-02-2019 15:48,14 mins 17 secs,10,1,1,1,1,1,1,1,1,1,1
16BTCSES2,MEGHANA  SINGH,,,,,Finished,12-02-2019 15:34,12-02-2019 15:35,1 min 31 secs,10,1,1,1,1,1,1,1,1,1,1
16BTCSES2,NIDHI  CHAUDHARY,,,,,Finished,12-02-2019 15:34,12-02-2019 15:50,16 mins 9 secs,5,1,0,0,0,0,1,0,1,1,1
16BTCSES7,MOHD  AHTESHAM,,,,,Finished,12-02-2019 15:35,12-02-2019 15:44,9 mins 35 secs,4,1,0,0,0,0,1,0,0,1,1
16BTCSES7,PAWAN RAJ YADAV,,,,,Finished,12-02-2019 15:35,12-02-2019 16:37,1 hour 1 min,6,1,1,0,0,1,1,1,0,0,1
16BTCSES2,ABHINAY,,,,,Finished,12-02-2019 15:36,12-02-2019 15:41,5 mins 6 secs,9,1,1,1,1,1,1,1,1,1,0
16BTCSES2,Shreyash Sudhir Singh,,,,,Finished,12-02-2019 15:36,12-02-2019 15:47,11 mins 27 secs,10,1,1,1,1,1,1,1,1,1,1
16BTCSES2,SANJEET  KUMAR,,,,,Finished,12-02-2019 15:36,12-02-2019 16:00,24 mins 30 secs,6,0,1,0,0,1,1,0,1,1,1
16BTCSES2,SHIVAM  KUMAR,,,,,Finished,12-02-2019 15:36,12-02-2019 15:56,19 mins 42 secs,9,0,1,1,1,1,1,1,1,1,1
16BTCSES2,SHARAD  KUMAR,,,,,Finished,12-02-2019 15:36,12-02-2019 15:58,21 mins 38 secs,8,0,1,1,0,1,1,1,1,1,1
16BTCSES2,BHANU  BHASKAR,,,,,Finished,12-02-2019 15:37,12-02-2019 15:46,9 mins 12 secs,6,1,1,1,0,0,0,0,1,1,1
16BTCSES2,SHIVAM,,,,,Finished,12-02-2019 15:37,12-02-2019 15:48,11 mins 8 secs,10,1,1,1,1,1,1,1,1,1,1
16BTCSES2,SANDHYA  KUMARI,,,,,Finished,12-02-2019 15:38,12-02-2019 15:51,12 mins 26 secs,10,1,1,1,1,1,1,1,1,1,1
16BTCSES2,PRITANSHU  DWIVEDI,,,,,Finished,12-02-2019 15:40,12-02-2019 15:51,10 mins 55 secs,10,1,1,1,1,1,1,1,1,1,1
16BTCSES2,AMIT  KUMAR,,,,,Finished,12-02-2019 15:42,12-02-2019 15:43,1 min 17 secs,10,1,1,1,1,1,1,1,1,1,1
16BTCSES2,UDIT  GUPTA,,,,,Finished,12-02-2019 15:43,12-02-2019 15:52,8 mins 36 secs,9,1,1,1,0,1,1,1,1,1,1
16BTCSES2,NIKITA KUMARI AGARWAL,,,,,Finished,12-02-2019 15:43,12-02-2019 15:54,11 mins 24 secs,10,1,1,1,1,1,1,1,1,1,1
16BTCSES2,SAURABH  SHARMA,,,,,Finished,12-02-2019 15:43,12-02-2019 15:58,15 mins 2 secs,9,0,1,1,1,1,1,1,1,1,1
16BTCSES2,MD SHAKEEB ASHRAF,,,,,Finished,12-02-2019 15:48,12-02-2019 15:52,4 mins 13 secs,10,1,1,1,1,1,1,1,1,1,1
16BTCSES2,Vaibhav  Srivastava,,,,,Finished,12-02-2019 15:48,12-02-2019 15:53,4 mins 20 secs,10,1,1,1,1,1,1,1,1,1,1
16BTCSES2,SHUBHAM  JAIN,,,,,Finished,12-02-2019 15:49,12-02-2019 15:50,1 min 39 secs,9,1,1,1,1,1,1,1,0,1,1
16BTCSES2,SHRIDHAR KUMAR THAKUR,,,,,Finished,12-02-2019 15:50,12-02-2019 15:52,1 min 44 secs,10,1,1,1,1,1,1,1,1,1,1
16BTCSES4,Shubham  Tiwari,,,,,Finished,12-02-2019 15:51,12-02-2019 15:52,1 min 3 secs,4,0,0,1,0,0,1,1,1,0,0
16BTCSES2,AKASH  KESHARI,,,,,Finished,12-02-2019 15:51,12-02-2019 15:53,1 min 19 secs,10,1,1,1,1,1,1,1,1,1,1
16BTCSES2,AKSHITA  RAWAT,,,,,Finished,12-02-2019 15:55,12-02-2019 15:56,1 min 6 secs,10,1,1,1,1,1,1,1,1,1,1
16BTCSES2,RISHAV  KUMAR,,,,,Finished,12-02-2019 15:55,12-02-2019 15:57,2 mins 37 secs,10,1,1,1,1,1,1,1,1,1,1
16BTCSES2,DEVESHI  SRIVASTAVA,,,,,Finished,12-02-2019 15:57,12-02-2019 16:01,3 mins 50 secs,10,1,1,1,1,1,1,1,1,1,1
16BTCSES2,SHREYA  SINHA,,,,,Finished,12-02-2019 16:26,12-02-2019 16:28,1 min 33 secs,10,1,1,1,1,1,1,1,1,1,1
16BTCSES12,HARSHIT  BAGRA,,,,,Finished,12-02-2019 17:08,12-02-2019 17:12,3 mins 32 secs,10,1,1,1,1,1,1,1,1,1,1
16BTCSES12,HARSHIT  ARORA,,,,,Finished,12-02-2019 17:44,12-02-2019 17:46,2 mins 8 secs,8,1,1,1,1,0,1,1,1,1,0
16BTCSES2,HIRDESH  SINGH,,,,,Finished,12-02-2019 18:04,12-02-2019 18:15,11 mins 36 secs,8,0,1,1,1,1,1,1,1,1,0
16BTCSES2,VIBHOR  CHOUDHARY,,,,,Finished,12-02-2019 18:14,12-02-2019 18:16,1 min 39 secs,10,1,1,1,1,1,1,1,1,1,1
16BTCSES6,SHUBHAM  GUPTA,,,,,Finished,12-02-2019 19:26,12-02-2019 19:55,29 mins 21 secs,5,0,0,0,0,1,1,1,1,1,0
16BTBAOS1,ARNAV  SINGHAL,,,,,Finished,12-02-2019 19:32,12-02-2019 19:34,1 min 10 secs,10,1,1,1,1,1,1,1,1,1,1
16BTBAOS1,SIDDHARTH  YADAV,,,,,Finished,12-02-2019 20:22,13-02-2019 22:01,1 day 1 hour,3,0,0,0,0,1,0,1,1,0,0
16BTCSES5,ABHISHEK  SINGH,,,,,Finished,12-02-2019 20:52,12-02-2019 21:07,15 mins 2 secs,3,1,0,0,0,0,0,1,0,1,0
16BTCSES5,ROSHAN KUMAR CHAUDHARY,,,,,Finished,12-02-2019 21:22,12-02-2019 21:25,3 mins 34 secs,10,1,1,1,1,1,1,1,1,1,1
16BTCSES8,PIYUSH  CHAUHAN,,,,,Finished,12-02-2019 21:22,12-02-2019 21:26,4 mins 10 secs,10,1,1,1,1,1,1,1,1,1,1
16BTCSES9,ANURAG  RAI,,,,,Finished,12-02-2019 21:23,12-02-2019 21:25,2 mins 11 secs,10,1,1,1,1,1,1,1,1,1,1
16BTCSES5,ABHINAV  ANAND,,,,,Finished,12-02-2019 21:23,12-02-2019 21:25,2 mins 5 secs,10,1,1,1,1,1,1,1,1,1,1
16BTCSES6,SURBHI  SINGH,,,,,Finished,12-02-2019 22:10,12-02-2019 22:15,5 mins 2 secs,10,1,1,1,1,1,1,1,1,1,1
16BTCSES6,SHALINI  SINGH,,,,,Finished,12-02-2019 22:29,12-02-2019 22:34,4 mins 38 secs,10,1,1,1,1,1,1,1,1,1,1
16BTCSES6,SANJEEV KUMAR PANDEY,,,,,Finished,12-02-2019 22:38,12-02-2019 22:43,4 mins 14 secs,10,1,1,1,1,1,1,1,1,1,1
16BTBAOS1,DEEPENDRA  SINGH,,,,,Finished,12-02-2019 23:10,12-02-2019 23:15,4 mins 56 secs,10,1,1,1,1,1,1,1,1,1,1
16BTBAOS1,SHASHANK  SAXENA,,,,,Finished,12-02-2019 23:24,12-02-2019 23:46,22 mins 9 secs,6,1,0,1,1,0,0,1,1,1,0
16BTCSES8,RAHUL  SAW,,,,,Finished,13-02-2019 00:22,13-02-2019 00:32,9 mins 53 secs,5,1,0,0,0,1,1,0,0,1,1
16BTCSES4,AMAN MANI TIWARI,,,,,Finished,13-02-2019 00:38,13-02-2019 01:06,27 mins 33 secs,4,0,0,0,0,1,0,0,1,1,1
16BTBAOS1,ANURAG  GUPTA,,,,,Finished,13-02-2019 00:53,14-02-2019 12:14,1 day 11 hours,6,0,1,1,0,0,1,1,1,1,0
16BTCSES9,Md Shahbaz Ansari,,,,,Finished,13-02-2019 01:39,13-02-2019 01:47,8 mins 19 secs,9,0,1,1,1,1,1,1,1,1,1
16BTCSES10,PUSHPENDRA  CHAUDHARY,,,,,Finished,13-02-2019 08:52,13-02-2019 08:55,2 mins 33 secs,10,1,1,1,1,1,1,1,1,1,1
16BTCSES10,SARTHAK  MEHTA,,,,,Finished,13-02-2019 08:53,13-02-2019 08:55,2 mins 10 secs,10,1,1,1,1,1,1,1,1,1,1
16BTCSES10,MD SAIF HASSAN,,,,,Finished,13-02-2019 08:54,13-02-2019 09:12,17 mins 56 secs,6,1,0,1,0,0,1,1,1,1,0
16BTCSES10,AJIT  KUMAR,,,,,Finished,13-02-2019 09:28,13-02-2019 09:32,4 mins 4 secs,10,1,1,1,1,1,1,1,1,1,1
16BTCSES10,HARSHIT  GUPTA,,,,,Finished,13-02-2019 09:39,13-02-2019 09:50,11 mins 13 secs,10,1,1,1,1,1,1,1,1,1,1
16BTCSCCS1,GURLOVE  SINGH,,,,,Finished,13-02-2019 09:49,14-02-2019 17:09,1 day 7 hours,0,-,-,-,-,-,-,-,-,-,-
16BTCSCCS2,PRAKHAR  RAJEEV,,,,,Finished,13-02-2019 09:53,13-02-2019 10:08,15 mins 42 secs,7,0,1,0,0,1,1,1,1,1,1
16BTCSCCS2,SAURABH  PATEL,,,,,Finished,13-02-2019 09:53,13-02-2019 10:03,10 mins 42 secs,8,1,1,0,0,1,1,1,1,1,1
16BTCSCCS2,RAJAT  BISHT,,,,,Finished,13-02-2019 09:53,13-02-2019 10:06,13 mins,10,1,1,1,1,1,1,1,1,1,1
16BTCSCCS2,HRITIK  JAIN,,,,,Finished,13-02-2019 09:53,13-02-2019 10:04,11 mins 26 secs,8,1,1,0,0,1,1,1,1,1,1
16BTCSCCS2,HARSH  AGARWAL,,,,,Finished,13-02-2019 09:53,13-02-2019 10:05,11 mins 37 secs,7,1,1,0,0,1,1,1,1,1,0
16BTCSCCS2,ANANYA  SINGH,,,,,Finished,13-02-2019 09:53,13-02-2019 10:05,11 mins 51 secs,3,1,0,0,0,0,1,0,1,0,0
16BTCSCCS2,YASH  BHARDWAJ,,,,,Finished,13-02-2019 09:53,13-02-2019 10:04,11 mins 6 secs,8,1,1,0,0,1,1,1,1,1,1
16BTCSCCS2,ANIL KUMAR YADAV,,,,,Finished,13-02-2019 09:53,13-02-2019 10:10,16 mins 38 secs,5,1,0,0,0,0,1,1,1,1,0
16BTCSCCS2,CHIRAG  SINGHAL,,,,,Finished,13-02-2019 09:54,13-02-2019 10:05,11 mins 41 secs,10,1,1,1,1,1,1,1,1,1,1
16BTCSCCS2,PRATEEK  AHUJA,,,,,Finished,13-02-2019 09:54,13-02-2019 10:06,11 mins 54 secs,10,1,1,1,1,1,1,1,1,1,1
16BTCSCCS2,AVANTIKA  SINGH,,,,,Finished,13-02-2019 09:54,13-02-2019 10:11,16 mins 35 secs,5,1,1,0,0,1,0,1,0,1,0
16BTCSCCS2,BHASKAR  CHAKRAWARTY,,,,,Finished,13-02-2019 09:55,13-02-2019 16:31,6 hours 35 mins,10,1,1,1,1,1,1,1,1,1,1
16BTCSCCS2,SWECHCHHA  SHARMA,,,,,Finished,13-02-2019 09:55,13-02-2019 10:06,10 mins 18 secs,4,1,0,0,0,0,0,0,1,1,1
16BTCSCCS2,BHAVNEET  SINGH,,,,,Finished,13-02-2019 09:56,13-02-2019 10:12,15 mins 52 secs,7,1,1,0,0,0,1,1,1,1,1
16BTCSCCS2,KUMAR  MAYANK,,,,,Finished,13-02-2019 09:57,13-02-2019 10:12,14 mins 41 secs,4,1,1,0,0,0,0,0,0,1,1
16BTCSCCS2,SHOURYA  MEHROTRA,,,,,Finished,13-02-2019 09:59,13-02-2019 10:10,10 mins 49 secs,5,1,0,0,0,0,1,1,1,1,0
16BTCSCCS2,UTKARSH  BHARAL,,,,,Finished,13-02-2019 09:59,13-02-2019 10:09,9 mins 38 secs,6,1,1,0,0,1,1,1,0,1,0
16BTCSCCS2,PRATEEK  SHARMA,,,,,Finished,13-02-2019 10:01,13-02-2019 21:52,11 hours 51 mins,9,1,1,0,1,1,1,1,1,1,1
16BTCSCCS2,ASHUTOSH  MISHRA,,,,,Finished,13-02-2019 10:01,14-02-2019 10:13,1 day,10,1,1,1,1,1,1,1,1,1,1
16BTCSES11,ASHANSHU  GAUTAM,,,,,Finished,13-02-2019 10:05,13-02-2019 10:16,10 mins 19 secs,7,1,0,1,0,0,1,1,1,1,1
16BTCSCCS2,ARPIT  SINGH,,,,,Finished,13-02-2019 10:06,13-02-2019 10:08,1 min 29 secs,9,1,1,1,1,1,1,1,1,0,1
16BTCSCCS2,SARABJEET  SINGH,,,,,Finished,13-02-2019 10:07,13-02-2019 10:13,5 mins 41 secs,9,1,1,1,1,0,1,1,1,1,1
16BTCSOSS1,Akash  Kumar,,,,,Finished,13-02-2019 10:19,13-02-2019 10:46,27 mins 58 secs,7,1,0,0,0,1,1,1,1,1,1
16BTCSOSS1,ROBIN  SHARMA,,,,,Finished,13-02-2019 10:19,13-02-2019 10:58,39 mins 44 secs,7,1,0,1,0,1,1,1,1,1,0
16BTCSOSS1,MAYANK  JAIN,,,,,Finished,13-02-2019 10:19,13-02-2019 10:53,33 mins 57 secs,8,1,1,0,0,1,1,1,1,1,1
16BTCSIOTS1,VANSH  WASON,,,,,Finished,13-02-2019 10:21,13-02-2019 10:38,17 mins 34 secs,5,1,0,0,0,1,0,0,1,1,1
16BTCSIOTS1,Shakshi  gupta,,,,,Finished,13-02-2019 10:21,13-02-2019 10:40,18 mins 58 secs,9,1,1,0,1,1,1,1,1,1,1
16BTCSIOTS1,SHIVANGEE  SINGH,,,,,Finished,13-02-2019 10:21,13-02-2019 10:40,18 mins 37 secs,7,1,0,0,0,1,1,1,1,1,1
16BTCSIOTS1,VINOD  KUMAR,,,,,Finished,13-02-2019 10:27,13-02-2019 10:49,21 mins 55 secs,4,0,1,1,0,1,0,0,1,0,0
16BTCSCCS2,ANSHIKA  KUMAR,,,,,Finished,13-02-2019 10:38,13-02-2019 10:41,2 mins 55 secs,10,1,1,1,1,1,1,1,1,1,1
16BTCSCCS2,GAUTAM  UPADHYAYA,,,,,Finished,13-02-2019 10:43,13-02-2019 10:44,1 min 5 secs,10,1,1,1,1,1,1,1,1,1,1
16BTCSCCS2,BHUPENDER KUMAR SINGH,,,,,Finished,13-02-2019 10:46,13-02-2019 10:47,53 secs,10,1,1,1,1,1,1,1,1,1,1
16BTCSES8,SANCHIT  GARG,,,,,Finished,13-02-2019 10:55,13-02-2019 10:58,2 mins 44 secs,10,1,1,1,1,1,1,1,1,1,1
16BTCSES10,KUMAR  KSHITIZ,,,,,Finished,13-02-2019 11:10,13-02-2019 11:16,6 mins 20 secs,10,1,1,1,1,1,1,1,1,1,1
16BTCSCCS2,CHANDRA PRAKASH TYAGI,,,,,Finished,13-02-2019 11:26,13-02-2019 11:42,15 mins 16 secs,10,1,1,1,1,1,1,1,1,1,1
16BTCSDAS1,GARIMA  YADAV,,,,,Finished,13-02-2019 11:31,13-02-2019 11:46,14 mins 59 secs,3,0,0,1,0,0,0,-,1,1,0
16BTCSES3,INDU  KUMARI,,,,,Finished,13-02-2019 12:21,13-02-2019 12:34,13 mins 28 secs,6,1,0,0,1,0,1,1,1,1,0
16BTCSES6,SHIVAM  VATSHAYAN,,,,,Finished,13-02-2019 12:21,13-02-2019 12:30,9 mins 20 secs,7,1,1,1,0,0,1,1,1,1,0
16BTCSES6,shivangi  singh,,,,,Finished,13-02-2019 12:28,13-02-2019 12:31,3 mins 16 secs,10,1,1,1,1,1,1,1,1,1,1
16BTCSES6,SUBHADRA  SINGH,,,,,Finished,13-02-2019 12:28,13-02-2019 12:34,5 mins 59 secs,10,1,1,1,1,1,1,1,1,1,1
16BTCSES3,ADITYA  TRIPATHI,,,,,Finished,13-02-2019 12:36,13-02-2019 12:38,2 mins 23 secs,10,1,1,1,1,1,1,1,1,1,1
16BTCSES3,BHAWNA  KUMARI,,,,,Finished,13-02-2019 12:39,13-02-2019 12:40,1 min 23 secs,10,1,1,1,1,1,1,1,1,1,1
16BTCSES1,Love Kumar Yadav,,,,,Finished,13-02-2019 12:48,13-02-2019 12:50,2 mins 43 secs,10,1,1,1,1,1,1,1,1,1,1
16BTCSES6,SAKSHI  GUPTA,,,,,Finished,13-02-2019 12:57,13-02-2019 13:02,5 mins 29 secs,10,1,1,1,1,1,1,1,1,1,1
16BTCSES3,AMAL  GUPTA,,,,,Finished,13-02-2019 12:59,13-02-2019 13:00,1 min 16 secs,10,1,1,1,1,1,1,1,1,1,1
16BTCSES3,ANCHAL  DUBEY,,,,,Finished,13-02-2019 13:05,13-02-2019 13:06,53 secs,10,1,1,1,1,1,1,1,1,1,1
16BTCSES1,HARSHIT  JADON,,,,,Finished,13-02-2019 13:08,13-02-2019 13:10,2 mins 4 secs,10,1,1,1,1,1,1,1,1,1,1
16BTCSES1,AMARJEET  SINGH,,,,,Finished,13-02-2019 13:08,13-02-2019 13:11,2 mins 8 secs,10,1,1,1,1,1,1,1,1,1,1
16BTCSES6,TARUN  SAINI,,,,,Finished,13-02-2019 13:16,13-02-2019 13:19,2 mins 58 secs,10,1,1,1,1,1,1,1,1,1,1
16BTCSES3,ESHIKA  AGRAWAL,,,,,Finished,13-02-2019 13:18,13-02-2019 13:19,1 min 21 secs,10,1,1,1,1,1,1,1,1,1,1
16BTCSES6,UTKARSH  GUPTA,,,,,Finished,13-02-2019 13:20,13-02-2019 13:22,2 mins 13 secs,10,1,1,1,1,1,1,1,1,1,1
16BTCSES9,SHANTANU  SINGH,,,,,Finished,13-02-2019 14:05,14-02-2019 17:09,1 day 3 hours,0,-,-,-,-,-,-,-,-,-,-
16BTCSES5,PRANJAL  SHUKLA,,,,,Finished,13-02-2019 14:36,13-02-2019 15:11,35 mins 8 secs,6,1,1,0,0,1,0,1,1,1,0
16BTCSES8,Ashish  Thomas,,,,,Finished,13-02-2019 14:45,13-02-2019 15:04,18 mins 28 secs,4,0,1,0,0,0,1,0,1,-,1
16BTCSES8,SHAILENDRA KUMAR SHARMA,,,,,Finished,13-02-2019 14:50,13-02-2019 15:01,11 mins 26 secs,10,1,1,1,1,1,1,1,1,1,1
16BTCSES2,RANJAN  KUMAR,,,,,Finished,13-02-2019 15:08,13-02-2019 15:12,3 mins 26 secs,10,1,1,1,1,1,1,1,1,1,1
16BTCSES7,ANISH  SINGH,,,,,Finished,13-02-2019 15:10,13-02-2019 15:13,3 mins 11 secs,10,1,1,1,1,1,1,1,1,1,1
16BTCSES7,ARUN  YADAV,,,,,Finished,13-02-2019 15:14,13-02-2019 15:16,2 mins 7 secs,10,1,1,1,1,1,1,1,1,1,1
16BTCSES2,Shams ahad khan,,,,,Finished,13-02-2019 15:16,13-02-2019 15:24,8 mins 4 secs,6,0,0,1,0,1,0,1,1,1,1
16BTCSCCS2,AMISHA  SAXENA,,,,,Finished,13-02-2019 16:24,13-02-2019 16:27,3 mins 21 secs,10,1,1,1,1,1,1,1,1,1,1
16BTCSCCS2,ABHINAV  SHARMA,,,,,Finished,13-02-2019 16:28,13-02-2019 16:29,1 min 6 secs,10,1,1,1,1,1,1,1,1,1,1
16BTCSES10,KUMAR  AYUSH,,,,,Finished,13-02-2019 16:59,13-02-2019 17:04,4 mins 53 secs,6,0,1,0,0,0,1,1,1,1,1
16BTCSES4,NISHANT  KAUSHIK,,,,,Finished,13-02-2019 17:48,13-02-2019 18:13,25 mins 5 secs,4,0,0,0,0,0,1,0,1,1,1
16BTBAOS1,MONIKA  RANA,,,,,Finished,13-02-2019 18:38,13-02-2019 19:27,48 mins 27 secs,6,1,1,0,0,1,0,1,0,1,1
16BTCSDAS1,PRIYA  AGRAWAL,,,,,Finished,13-02-2019 18:53,14-02-2019 17:00,22 hours 6 mins,5,0,0,0,0,1,1,0,1,1,1
16BTCSES5,ASHISH KUMAR SINGH,,,,,Finished,13-02-2019 19:18,13-02-2019 19:36,17 mins 36 secs,8,1,1,0,0,1,1,1,1,1,1
16BTCSDAS1,PRATI  AGARWAL,,,,,Finished,13-02-2019 19:23,14-02-2019 10:41,15 hours 17 mins,4,1,1,0,0,0,0,0,1,1,0
16BTCSES5,JAVED  ALI,,,,,Finished,13-02-2019 19:23,13-02-2019 20:14,51 mins 19 secs,3,0,0,0,0,0,0,1,1,0,1
16BTBAOS1,SHUBHAM  MAURYA,,,,,Finished,13-02-2019 19:33,13-02-2019 19:50,17 mins 42 secs,8,1,1,1,0,1,0,1,1,1,1
16BTCSCCS2,MOHIT GUPTA,,,,,Finished,13-02-2019 19:33,13-02-2019 19:49,15 mins 26 secs,10,1,1,1,1,1,1,1,1,1,1
16BTCSES5,NIKITA  DUDEJA,,,,,Finished,13-02-2019 19:40,13-02-2019 19:43,2 mins 57 secs,9,1,1,1,0,1,1,1,1,1,1
16BTBAOS1,MAYANK  MATHUR,,,,,Finished,13-02-2019 19:52,13-02-2019 19:56,4 mins 8 secs,10,1,1,1,1,1,1,1,1,1,1
16BTCSES8,AZIZUL  ABEDIN,,,,,Finished,13-02-2019 19:56,13-02-2019 20:00,3 mins 59 secs,10,1,1,1,1,1,1,1,1,1,1
16BTCSCCS2,GAURAV  KUMAR,,,,,Finished,13-02-2019 20:11,13-02-2019 20:16,5 mins 19 secs,10,1,1,1,1,1,1,1,1,1,1
16BTCSES1,aviral  swarnkar,,,,,Finished,13-02-2019 20:14,13-02-2019 20:30,15 mins 19 secs,3,1,0,0,0,1,0,0,0,1,0
16BTCSES6,DEEPTI,,,,,Finished,13-02-2019 20:16,13-02-2019 20:19,2 mins 18 secs,10,1,1,1,1,1,1,1,1,1,1
16BTCSES4,SHUBHAM  NIJHAWAN,,,,,Finished,13-02-2019 20:19,13-02-2019 20:21,2 mins 14 secs,10,1,1,1,1,1,1,1,1,1,1
16BTCSES1,MUDIT  RAJPUT,,,,,Finished,13-02-2019 20:32,13-02-2019 20:34,1 min 56 secs,10,1,1,1,1,1,1,1,1,1,1
16BTCSES5,SAURABH  SUMAN,,,,,Finished,13-02-2019 20:32,13-02-2019 21:26,53 mins 54 secs,6,1,0,0,0,1,0,1,1,1,1
16BTBAOS1,ANIRUDH KUMAR SINGH,,,,,Finished,13-02-2019 20:50,13-02-2019 20:54,3 mins 58 secs,10,1,1,1,1,1,1,1,1,1,1
16BTCSES1,VIKAS NARAYAN YADAV,,,,,Finished,13-02-2019 20:52,13-02-2019 20:55,2 mins 16 secs,10,1,1,1,1,1,1,1,1,1,1
16BTBAOS1,ANOOP  KUMAR,,,,,Finished,13-02-2019 20:58,13-02-2019 21:26,28 mins 9 secs,8,1,1,0,0,1,1,1,1,1,1
16BTBAOS1,ARNAV  MUNSHI,,,,,Finished,13-02-2019 21:05,13-02-2019 21:14,9 mins 27 secs,5,1,1,0,0,0,0,1,1,1,0
16BTCSES5,SHIVAM  SINGH,,,,,Finished,13-02-2019 21:07,14-02-2019 15:22,18 hours 15 mins,9,1,1,0,1,1,1,1,1,1,1
16BTCSES4,Ajay  Tiwari,,,,,Finished,13-02-2019 21:08,13-02-2019 21:11,2 mins 46 secs,10,1,1,1,1,1,1,1,1,1,1
16BTCSES5,SURESH,,,,,Finished,13-02-2019 21:14,13-02-2019 22:19,1 hour 5 mins,6,1,0,0,0,0,1,1,1,1,1
16BTBAOS1,SHEELENDRA  SINGH,,,,,Finished,13-02-2019 21:20,13-02-2019 21:27,7 mins 22 secs,10,1,1,1,1,1,1,1,1,1,1
16BTCSES5,ANISH  KUMAR,,,,,Finished,13-02-2019 21:25,13-02-2019 22:13,48 mins 3 secs,5,0,0,0,0,1,0,1,1,1,1
16BTCSES5,Manas  Srivastava,,,,,Finished,13-02-2019 21:29,13-02-2019 21:56,27 mins 26 secs,8,1,1,1,0,1,1,1,0,1,1
16BTCSES5,BHARAT  LAL,,,,,Finished,13-02-2019 21:31,13-02-2019 21:54,23 mins 11 secs,7,1,1,0,0,1,1,1,0,1,1
16BTCSES8,PRABHAT  KUMAR,,,,,Finished,13-02-2019 21:39,13-02-2019 22:21,41 mins 25 secs,7,1,0,0,0,1,1,1,1,1,1
16BTCSCCS2,BRIJESH KUMAR PANDEY,,,,,Finished,13-02-2019 21:43,13-02-2019 21:47,3 mins 17 secs,10,1,1,1,1,1,1,1,1,1,1
16BTCSCCS2,ANJALI  KUMARI,,,,,Finished,13-02-2019 21:44,13-02-2019 21:47,3 mins 10 secs,10,1,1,1,1,1,1,1,1,1,1
16BTCSES5,Shreyash  Roushan,,,,,Finished,13-02-2019 21:44,13-02-2019 21:57,12 mins 32 secs,7,1,1,1,0,1,1,1,0,1,0
16BTCSES5,ANMOL  SINGH,,,,,Finished,13-02-2019 21:48,13-02-2019 21:52,4 mins 35 secs,10,1,1,1,1,1,1,1,1,1,1
16BTCSES4,PRAGATI  SINGH,,,,,Finished,13-02-2019 21:51,13-02-2019 21:55,4 mins 1 sec,10,1,1,1,1,1,1,1,1,1,1
16BTCSES4,ABHISHEK  BHAGAT,,,,,Finished,13-02-2019 21:55,13-02-2019 22:11,16 mins 5 secs,10,1,1,1,1,1,1,1,1,1,1
16BTBAOS1,Om Narayan Jaiswal,,,,,Finished,13-02-2019 21:56,13-02-2019 21:58,1 min 54 secs,10,1,1,1,1,1,1,1,1,1,1
16BTCSES5,VAIBHAV  GUPTA,,,,,Finished,13-02-2019 21:57,13-02-2019 22:41,44 mins 13 secs,9,1,1,1,0,1,1,1,1,1,1
16BTCSES3,KHUSHBOO  SRIVASTAVA,,,,,Finished,13-02-2019 21:57,13-02-2019 22:14,16 mins 17 secs,6,0,0,1,0,0,1,1,1,1,1
16BTCSES10,NISHANT KUMAR JHA,,,,,Finished,13-02-2019 21:58,13-02-2019 22:21,23 mins 6 secs,4,0,0,0,0,1,0,1,0,1,1
16BTCSCCS2,SANKALP  SHARMA,,,,,Finished,13-02-2019 21:59,13-02-2019 22:06,6 mins 30 secs,5,1,1,0,0,0,0,1,1,1,0
16BTCSES12,SHASHANK  DWIVEDI,,,,,Finished,13-02-2019 22:00,13-02-2019 22:02,2 mins 27 secs,7,1,0,1,0,1,1,1,1,1,0
16BTBAOS1,SUDHANSHU  SINGH,,,,,Finished,13-02-2019 22:01,13-02-2019 22:05,4 mins 8 secs,10,1,1,1,1,1,1,1,1,1,1
16BTCSES11,ARPIT  GUPTA,,,,,Finished,13-02-2019 22:02,13-02-2019 22:10,7 mins 47 secs,10,1,1,1,1,1,1,1,1,1,1
16BTCSCCS2,NISHCHAL  KUMAR,,,,,Finished,13-02-2019 22:10,13-02-2019 22:39,29 mins 10 secs,6,1,0,0,0,0,1,1,1,1,1
16BTCSCCS2,PIYUSH  SHRIVASTVA,,,,,Finished,13-02-2019 22:14,13-02-2019 22:23,8 mins 47 secs,10,1,1,1,1,1,1,1,1,1,1
16BTCSCCS2,SHUBHAM  JAS,,,,,Finished,13-02-2019 22:16,13-02-2019 22:22,6 mins 5 secs,10,1,1,1,1,1,1,1,1,1,1
16BTCSES4,KISHAN  GIRI,,,,,Finished,13-02-2019 22:16,13-02-2019 22:19,2 mins 41 secs,10,1,1,1,1,1,1,1,1,1,1
16BTCSES5,RAJIV  PRAJAPATI,,,,,Finished,13-02-2019 22:17,13-02-2019 22:34,17 mins 48 secs,7,1,0,0,0,1,1,1,1,1,1
16BTCSES2,UTSAV  SAHGAL,,,,,Finished,13-02-2019 22:20,13-02-2019 22:21,1 min 28 secs,9,1,1,1,0,1,1,1,1,1,1
16BTCSES9,DEEKSHA  KUMARI,,,,,Finished,13-02-2019 22:22,13-02-2019 22:27,5 mins 10 secs,10,1,1,1,1,1,1,1,1,1,1
16BTCSCCS2,Saksham  garg,,,,,Finished,13-02-2019 22:23,13-02-2019 22:24,1 min 39 secs,10,1,1,1,1,1,1,1,1,1,1
16BTCSES5,SHANU  KUMAR,,,,,Finished,13-02-2019 22:32,13-02-2019 22:50,18 mins 38 secs,6,1,1,0,0,0,1,0,1,1,1
16BTCSES4,PUNIT KUMAR MISHRA,,,,,Finished,13-02-2019 22:32,14-02-2019 17:09,18 hours 37 mins,0,-,-,-,-,-,-,-,-,-,-
16BTCSES4,VISHAL  KUMAR,,,,,Finished,13-02-2019 22:33,14-02-2019 14:42,16 hours 9 mins,9,1,1,1,1,0,1,1,1,1,1
16BTCSES5,NAVNEET  MISHRA,,,,,Finished,13-02-2019 22:36,13-02-2019 22:38,1 min 59 secs,10,1,1,1,1,1,1,1,1,1,1
16BTCSES5,Syed Mohd gulam Baquer,,,,,Finished,13-02-2019 22:36,14-02-2019 17:09,18 hours 32 mins,1,-,0,1,-,-,-,-,-,-,-
16BTCSES10,NEERAJ  YADAV,,,,,Finished,13-02-2019 22:37,13-02-2019 22:41,4 mins 29 secs,10,1,1,1,1,1,1,1,1,1,1
16BTCSCCS2,Ashvin  Prajapati,,,,,Finished,13-02-2019 22:37,13-02-2019 22:42,4 mins 27 secs,10,1,1,1,1,1,1,1,1,1,1
16BTCSES7,GIRIJA  KUMARI,,,,,Finished,13-02-2019 22:39,13-02-2019 22:41,2 mins 33 secs,10,1,1,1,1,1,1,1,1,1,1
16BTCSES8,TANUJ KUMAR BHARDWAJ,,,,,Finished,13-02-2019 22:41,13-02-2019 22:45,4 mins 10 secs,10,1,1,1,1,1,1,1,1,1,1
16BTCSES8,Akanksha  Singh,,,,,Finished,13-02-2019 22:46,13-02-2019 23:00,14 mins 40 secs,10,1,1,1,1,1,1,1,1,1,1
16BTCSCCS2,VIVEK  SINGH,,,,,Finished,13-02-2019 22:53,13-02-2019 23:23,30 mins 37 secs,8,1,1,0,0,1,1,1,1,1,1
16BTCSCCS1,sambhav  jain,,,,,Finished,13-02-2019 22:55,13-02-2019 23:18,23 mins 31 secs,8,1,1,0,0,1,1,1,1,1,1
16BTCSES3,SAKET  MEHTA,,,,,Finished,13-02-2019 22:58,13-02-2019 23:02,4 mins 36 secs,10,1,1,1,1,1,1,1,1,1,1
16BTBAOS1,HARISH  SINGH,,,,,Finished,13-02-2019 23:00,13-02-2019 23:11,11 mins 31 secs,10,1,1,1,1,1,1,1,1,1,1
16BTCSCCS2,ANUBHAV RAJ SINGH,,,,,Finished,13-02-2019 23:10,13-02-2019 23:22,11 mins 43 secs,10,1,1,1,1,1,1,1,1,1,1
16BTCSOSS1,AVINASH KUMAR JAISWAL,,,,,Finished,13-02-2019 23:12,13-02-2019 23:18,5 mins 43 secs,10,1,1,1,1,1,1,1,1,1,1
16BTCSES5,ABHISHEK  DATTA,,,,,Finished,13-02-2019 23:12,13-02-2019 23:15,3 mins,10,1,1,1,1,1,1,1,1,1,1
16BTCSCCS2,Kritika  Saxena,,,,,Finished,13-02-2019 23:13,13-02-2019 23:16,3 mins 3 secs,10,1,1,1,1,1,1,1,1,1,1
16BTCSES10,SHIV  ANAND,,,,,Finished,13-02-2019 23:13,13-02-2019 23:26,13 mins 34 secs,6,1,1,1,1,0,0,1,0,1,0
16BTCSES7,MOHD  FAIZ,,,,,Finished,13-02-2019 23:18,13-02-2019 23:20,2 mins 37 secs,10,1,1,1,1,1,1,1,1,1,1
16BTCSCCS2,ANKITA  RASTOGI,,,,,Finished,13-02-2019 23:23,13-02-2019 23:25,1 min 56 secs,10,1,1,1,1,1,1,1,1,1,1
16BTCSCCS2,ROHIT  BISHT,,,,,Finished,13-02-2019 23:29,13-02-2019 23:33,4 mins 20 secs,10,1,1,1,1,1,1,1,1,1,1
16BTCSDAS1,SIDDHANT  SAURABH,,,,,Finished,13-02-2019 23:38,13-02-2019 23:47,8 mins 16 secs,4,0,0,0,0,0,1,1,1,1,0
16BTCSDAS1,GAURAV  SHARMA,,,,,Finished,13-02-2019 23:39,13-02-2019 23:57,18 mins 12 secs,8,1,1,0,0,1,1,1,1,1,1
16BTCSES8,AYUSHA  SHARMA,,,,,Finished,13-02-2019 23:41,13-02-2019 23:52,11 mins 13 secs,10,1,1,1,1,1,1,1,1,1,1
16BTCSDAS1,ASHISH  SHEKHAR,,,,,Finished,14-02-2019 00:01,14-02-2019 00:04,3 mins 40 secs,9,1,1,1,0,1,1,1,1,1,1
16BTCSDAS1,PRAGYA  KUMAR,,,,,Finished,14-02-2019 00:02,14-02-2019 00:36,33 mins 52 secs,4,1,0,1,0,0,0,0,1,1,0
16BTCSES9,ANKITA  YADAV,,,,,Finished,14-02-2019 00:04,14-02-2019 00:08,3 mins 55 secs,10,1,1,1,1,1,1,1,1,1,1
16BTCSDAS1,Vikramaditya  Kapoor,,,,,Finished,14-02-2019 00:06,14-02-2019 00:09,2 mins 11 secs,10,1,1,1,1,1,1,1,1,1,1
16BTCSDAS1,ABHISAR  SAHU,,,,,Finished,14-02-2019 00:12,14-02-2019 00:13,1 min 29 secs,10,1,1,1,1,1,1,1,1,1,1
16BTBAOS1,ANMOL  GUPTA,,,,,Finished,14-02-2019 00:12,14-02-2019 00:51,39 mins 20 secs,5,1,0,0,0,1,1,0,1,1,0
16BTCSCCS2,Amit Shukla,,,,,Finished,14-02-2019 00:24,14-02-2019 00:27,3 mins 4 secs,10,1,1,1,1,1,1,1,1,1,1
16BTCSDAS1,PRANJAL  MISHRA,,,,,Finished,14-02-2019 00:38,14-02-2019 00:41,2 mins 34 secs,10,1,1,1,1,1,1,1,1,1,1
16BTCSES5,SAURABH  YADAV,,,,,Finished,14-02-2019 00:48,14-02-2019 01:38,50 mins 12 secs,7,1,1,0,0,1,1,1,0,1,1
16BTCSES7,MAYANK KUMAR RAJPUT,,,,,Finished,14-02-2019 08:04,14-02-2019 14:35,6 hours 31 mins,10,1,1,1,1,1,1,1,1,1,1
16BTCSCCS2,SHASHWAT  SINGH,,,,,Finished,14-02-2019 08:45,14-02-2019 08:48,3 mins 27 secs,10,1,1,1,1,1,1,1,1,1,1
16BTCSCCS1,Apoorv  Bishnoi,,,,,Finished,14-02-2019 09:14,14-02-2019 09:16,1 min 42 secs,10,1,1,1,1,1,1,1,1,1,1
16BTCSCCS1,GAURAV  SHAHI,,,,,Finished,14-02-2019 09:17,14-02-2019 09:18,48 secs,10,1,1,1,1,1,1,1,1,1,1
16BTCSCNS1,SATYAM  TEWARI,,,,,Finished,14-02-2019 09:18,14-02-2019 10:01,42 mins 47 secs,8,1,1,1,0,1,1,0,1,1,1
16BTCSCCS1,SAURABH  KAMBOJ,,,,,Finished,14-02-2019 09:25,14-02-2019 09:27,2 mins 9 secs,4,0,0,1,0,0,0,1,1,1,0
16BTCSCCS1,SATYAM  RAI,,,,,Finished,14-02-2019 09:27,14-02-2019 09:29,2 mins 10 secs,9,1,1,1,1,1,1,1,0,1,1
16BTCSCCS1,DUMAN LAL SETHI,,,,,Finished,14-02-2019 09:30,14-02-2019 09:32,1 min 54 secs,10,1,1,1,1,1,1,1,1,1,1
16BTCSES6,MANISHA  SINGH,,,,,Finished,14-02-2019 10:05,14-02-2019 10:12,7 mins 5 secs,10,1,1,1,1,1,1,1,1,1,1
16BTCSDAS1,VINAY KUMAR BHATI,,,,,Finished,14-02-2019 10:16,14-02-2019 10:24,7 mins 30 secs,7,1,0,1,1,0,1,1,1,1,0
16BTBAOS1,ANUBHAV  SINGH,,,,,Finished,14-02-2019 10:18,14-02-2019 10:26,7 mins 16 secs,10,1,1,1,1,1,1,1,1,1,1
16BTBAOS1,RAJAN KUMAR CHAUDHARY,,,,,Finished,14-02-2019 10:19,14-02-2019 10:26,6 mins 40 secs,10,1,1,1,1,1,1,1,1,1,1
16BTBAOS1,SHRESTHA  CHOPRA,,,,,Finished,14-02-2019 10:20,14-02-2019 10:24,4 mins 5 secs,10,1,1,1,1,1,1,1,1,1,1
16BTCSCCS2,ANURAG  VERMA,,,,,Finished,14-02-2019 10:20,14-02-2019 10:23,3 mins 2 secs,10,1,1,1,1,1,1,1,1,1,1
16BTCSES9,VARUN,,,,,Finished,14-02-2019 10:22,14-02-2019 11:10,47 mins 47 secs,7,1,1,1,0,1,0,0,1,1,1
16BTBAOS1,DEV KUMAR PANDEY,,,,,Finished,14-02-2019 10:23,14-02-2019 10:25,1 min 55 secs,10,1,1,1,1,1,1,1,1,1,1
16BTBAOS1,Ashutosh  Gupta,,,,,Finished,14-02-2019 10:26,14-02-2019 10:40,14 mins 18 secs,10,1,1,1,1,1,1,1,1,1,1
16BTCSES10,MOHAMMAD ZAIN HASAN,,,,,Finished,14-02-2019 10:27,14-02-2019 10:40,12 mins 33 secs,3,0,0,0,0,1,0,0,1,0,1
16BTBAOS1,ANAND  SHANKAR,,,,,Finished,14-02-2019 10:31,14-02-2019 10:35,3 mins 41 secs,10,1,1,1,1,1,1,1,1,1,1
16BTBAOS1,AJAY KUMAR PATEL,,,,,Finished,14-02-2019 10:31,14-02-2019 10:35,3 mins 23 secs,10,1,1,1,1,1,1,1,1,1,1
16BTCSCCS2,PRINCE KUMAR SINHA,,,,,Finished,14-02-2019 10:32,14-02-2019 10:34,2 mins 28 secs,10,1,1,1,1,1,1,1,1,1,1
16BTCSES10,ANANT  BISHNOI,,,,,Finished,14-02-2019 10:34,14-02-2019 10:37,2 mins 45 secs,6,1,1,0,0,0,1,1,0,1,1
16BTCSCCS2,YASH PRATAP SINGH SISODIA,,,,,Finished,14-02-2019 10:37,14-02-2019 10:49,11 mins 33 secs,6,1,1,1,0,0,1,1,0,1,0
16BTCSES5,Aqib Jamal Siddiqui,,,,,Finished,14-02-2019 10:55,14-02-2019 11:05,10 mins 54 secs,9,1,1,1,0,1,1,1,1,1,1
16BTCSES5,KAUSTUBH  TRIPATHI,,,,,Finished,14-02-2019 10:56,14-02-2019 11:08,12 mins 3 secs,10,1,1,1,1,1,1,1,1,1,1
16BTCSES9,VISHAL  AGRAHARI,,,,,Finished,14-02-2019 10:57,14-02-2019 11:26,28 mins 49 secs,7,1,1,1,0,0,1,1,0,1,1
16BTCSES9,SHIVA  BHARDWAJ,,,,,Finished,14-02-2019 10:58,14-02-2019 11:03,5 mins 13 secs,9,1,1,1,1,0,1,1,1,1,1
16BTCSES11,HARKESH  SINGH,,,,,Finished,14-02-2019 10:58,14-02-2019 11:01,2 mins 55 secs,10,1,1,1,1,1,1,1,1,1,1
16BTCSES9,SAURABH  BAJPAI,,,,,Finished,14-02-2019 10:58,14-02-2019 11:23,24 mins 46 secs,5,0,1,1,0,0,1,1,0,1,0
16BTCSES9,AKASH KUMAR SAHANI,,,,,Finished,14-02-2019 10:58,14-02-2019 11:06,8 mins 38 secs,10,1,1,1,1,1,1,1,1,1,1
16BTCSES9,ANIRUDH  SINGH,,,,,Finished,14-02-2019 10:59,14-02-2019 11:23,24 mins 20 secs,5,1,1,0,0,0,0,1,0,1,1
16BTCSES11,ADNAN  AMEEN,,,,,Finished,14-02-2019 10:59,14-02-2019 11:24,25 mins 11 secs,5,0,1,0,0,0,1,1,1,1,0
16BTCSCCS2,TANYA  VARSHNEY,,,,,Finished,14-02-2019 10:59,14-02-2019 11:02,2 mins 32 secs,10,1,1,1,1,1,1,1,1,1,1
16BTCSES9,SONU  KUMAR,,,,,Finished,14-02-2019 11:00,14-02-2019 11:24,24 mins 44 secs,7,1,1,1,0,0,1,0,1,1,1
16BTCSES9,MAYANK  SRIVASTAVA,,,,,Finished,14-02-2019 11:00,14-02-2019 11:11,10 mins 13 secs,7,1,1,0,0,0,1,1,1,1,1
16BTCSES9,PARAG  VIJAYVARGIYA,,,,,Finished,14-02-2019 11:02,14-02-2019 11:03,1 min 52 secs,9,1,1,1,1,1,1,1,1,1,0
16BTCSES9,Poonam Singh,,,,,Finished,14-02-2019 11:02,14-02-2019 11:31,28 mins 24 secs,10,1,1,1,1,1,1,1,1,1,1
16BTCSDAS1,SHUBHAM KUMAR TIWARI,,,,,Finished,14-02-2019 11:02,14-02-2019 11:05,2 mins 7 secs,10,1,1,1,1,1,1,1,1,1,1
16BTCSES11,PIYUSH  RAJ,,,,,Finished,14-02-2019 11:03,14-02-2019 11:04,54 secs,10,1,1,1,1,1,1,1,1,1,1
16BTCSDAS1,JYOTIRADITYA  YADAV,,,,,Finished,14-02-2019 11:03,14-02-2019 11:37,33 mins 53 secs,7,1,1,0,0,1,1,0,1,1,1
16BTCSES11,PRAVEEN  KUMAR,,,,,Finished,14-02-2019 11:04,14-02-2019 11:06,1 min 32 secs,9,1,1,1,0,1,1,1,1,1,1
16BTCSES9,Prajwal  Joshi,,,,,Finished,14-02-2019 11:05,14-02-2019 11:34,28 mins 41 secs,9,1,1,1,-,1,1,1,1,1,1
16BTCSES9,RAVINDRA KUMAR YADAV,,,,,Finished,14-02-2019 11:05,14-02-2019 11:28,22 mins 31 secs,8,1,1,1,0,1,1,1,0,1,1
16BTCSCCS2,ASHWANI  SINGH,,,,,Finished,14-02-2019 11:08,14-02-2019 11:09,54 secs,10,1,1,1,1,1,1,1,1,1,1
16BTCSDAS1,MOHD TARIQUE KHAN,,,,,Finished,14-02-2019 11:10,14-02-2019 11:39,29 mins,10,1,1,1,1,1,1,1,1,1,1
16BTBAOS1,AADITYA  KAPOOR,,,,,Finished,14-02-2019 11:10,14-02-2019 11:14,3 mins 58 secs,10,1,1,1,1,1,1,1,1,1,1
16BTCSCCS2,MOHD SAIM HASHMI,,,,,Finished,14-02-2019 11:17,14-02-2019 11:20,2 mins 51 secs,10,1,1,1,1,1,1,1,1,1,1
16BTBAOS1,PRAKHAR  RAI,,,,,Finished,14-02-2019 11:35,14-02-2019 11:37,1 min 51 secs,10,1,1,1,1,1,1,1,1,1,1
16BTBAOS1,SACHIN  GUPTA,,,,,Finished,14-02-2019 11:35,14-02-2019 11:37,1 min 55 secs,10,1,1,1,1,1,1,1,1,1,1
16BTBAOS1,AISHWARYA  MATHUR,,,,,Finished,14-02-2019 11:46,14-02-2019 11:51,5 mins 21 secs,7,1,1,1,1,1,0,1,0,1,0
16BTCSES10,VISHAL  THAKUR,,,,,Finished,14-02-2019 11:56,14-02-2019 11:58,2 mins 16 secs,10,1,1,1,1,1,1,1,1,1,1
16BTBAOS1,MONIKA  SINGH,,,,,Finished,14-02-2019 12:05,14-02-2019 12:07,1 min 34 secs,10,1,1,1,1,1,1,1,1,1,1
16BTBAOS1,MAANSI  SRIVASTAVA,,,,,Finished,14-02-2019 12:06,14-02-2019 12:08,2 mins 32 secs,10,1,1,1,1,1,1,1,1,1,1
16BTCSCCS2,RAVI KUMAR MISHRA,,,,,Finished,14-02-2019 12:07,14-02-2019 12:09,2 mins 4 secs,10,1,1,1,1,1,1,1,1,1,1
16BTCSES10,ABHISHEK  KUMAR,,,,,Finished,14-02-2019 12:07,14-02-2019 12:11,3 mins 45 secs,10,1,1,1,1,1,1,1,1,1,1
16BTBAOS1,ADARSH  KESHARI,,,,,Finished,14-02-2019 12:11,14-02-2019 12:14,2 mins 57 secs,10,1,1,1,1,1,1,1,1,1,1
16BTCSES5,Shobhit  Rana,,,,,Finished,14-02-2019 12:12,14-02-2019 12:37,25 mins 6 secs,4,1,0,0,0,0,0,1,1,1,0
16BTCSES11,ABHISHEK  SHAKYA,,,,,Finished,14-02-2019 12:36,14-02-2019 12:49,13 mins 9 secs,10,1,1,1,1,1,1,1,1,1,1
16BTCSES11,AISHWARYA  PANDEY,,,,,Finished,14-02-2019 12:36,14-02-2019 13:00,23 mins 31 secs,5,0,0,0,0,0,1,1,1,1,1
16BTCSES11,Abhinav  Yadav,,,,,Finished,14-02-2019 12:40,14-02-2019 12:45,5 mins 40 secs,4,0,0,0,0,0,1,1,1,1,0
16BTCSES11,MOHIT  CHAHAL,,,,,Finished,14-02-2019 12:46,14-02-2019 12:48,1 min 55 secs,10,1,1,1,1,1,1,1,1,1,1
16BTCSES11,NAMAN  SWAROOP,,,,,Finished,14-02-2019 12:51,14-02-2019 13:06,15 mins 23 secs,6,1,0,1,0,0,1,1,0,1,1
16BTCSES11,KM SHAGUFTA FAREED,,,,,Finished,14-02-2019 13:03,14-02-2019 13:07,4 mins,10,1,1,1,1,1,1,1,1,1,1
16BTCSES4,ASHUTOSH  KUMAR,,,,,Finished,14-02-2019 13:42,14-02-2019 13:45,2 mins 9 secs,10,1,1,1,1,1,1,1,1,1,1
16BTCSES4,Divya  Singh,,,,,Finished,14-02-2019 13:50,14-02-2019 14:34,44 mins 27 secs,10,1,1,1,1,1,1,1,1,1,1
16BTCSES4,PUSHPAK KUMAR MISHRA,,,,,Finished,14-02-2019 13:51,14-02-2019 13:55,3 mins 25 secs,10,1,1,1,1,1,1,1,1,1,1
16BTCSES9,SATYAM  YADAV,,,,,Finished,14-02-2019 14:03,14-02-2019 14:31,27 mins 59 secs,4,1,1,0,0,0,1,1,0,0,0
16BTCSES4,MD HAIDER ALI,,,,,Finished,14-02-2019 14:10,14-02-2019 17:04,2 hours 53 mins,6,1,0,1,1,0,0,1,1,0,1
16BTCSES4,SAUBHAGYA  SRIVASTAVA,,,,,Finished,14-02-2019 14:29,14-02-2019 14:46,16 mins 29 secs,7,1,1,1,0,1,0,1,0,1,1
16BTCSES4,Shubham  Raj,,,,,Finished,14-02-2019 14:30,14-02-2019 14:32,1 min 58 secs,10,1,1,1,1,1,1,1,1,1,1
16BTCSES4,KUMAR  ABHISHEK,,,,,Finished,14-02-2019 14:30,14-02-2019 14:32,1 min 55 secs,10,1,1,1,1,1,1,1,1,1,1
16BTCSES4,RISHABH  BHUTANI,,,,,Finished,14-02-2019 14:30,14-02-2019 14:36,5 mins 3 secs,10,1,1,1,1,1,1,1,1,1,1
16BTCSES4,APRAJITA  SINGH,,,,,Finished,14-02-2019 14:31,14-02-2019 14:35,3 mins 59 secs,10,1,1,1,1,1,1,1,1,1,1
16BTCSES4,AZEEM  UDDIN,,,,,Finished,14-02-2019 14:31,14-02-2019 14:35,4 mins 44 secs,10,1,1,1,1,1,1,1,1,1,1
16BTCSES4,UJJWAL  KUMAR,,,,,Finished,14-02-2019 14:31,14-02-2019 14:33,1 min 45 secs,10,1,1,1,1,1,1,1,1,1,1
16BTCSES4,DHRUV  JAIN,,,,,Finished,14-02-2019 14:32,14-02-2019 14:36,3 mins 44 secs,10,1,1,1,1,1,1,1,1,1,1
16BTCSES4,HIMANSHU  UPADHYAY,,,,,Finished,14-02-2019 14:32,14-02-2019 14:36,3 mins 47 secs,10,1,1,1,1,1,1,1,1,1,1
16BTCSES4,KAPIL  THAKUR,,,,,Finished,14-02-2019 14:32,14-02-2019 14:35,3 mins 13 secs,10,1,1,1,1,1,1,1,1,1,1
16BTCSES1,SIMRAN,,,,,Finished,14-02-2019 14:35,14-02-2019 14:51,15 mins 26 secs,9,1,1,1,1,1,1,0,1,1,1
16BTCSES1,RAGHAV  GOEL,,,,,Finished,14-02-2019 14:43,14-02-2019 14:49,5 mins 46 secs,3,1,0,0,0,0,1,0,0,1,0
16BTCSES4,SIDDHARTH  SHARMA,,,,,Finished,14-02-2019 14:45,14-02-2019 14:47,1 min 20 secs,10,1,1,1,1,1,1,1,1,1,1
16BTCSES5,VINOD KUMAR SINGH,,,,,Finished,14-02-2019 14:53,14-02-2019 14:57,3 mins 40 secs,10,1,1,1,1,1,1,1,1,1,1
16BTCSES8,RAM  LAKHAN,,,,,Finished,14-02-2019 15:04,14-02-2019 15:06,1 min 35 secs,10,1,1,1,1,1,1,1,1,1,1
16BTCSES5,Shivam  Gupta,,,,,Finished,14-02-2019 15:14,14-02-2019 15:22,7 mins 36 secs,8,1,1,0,0,1,1,1,1,1,1
16BTCSES5,SNIGDHA,,,,,Finished,14-02-2019 15:23,14-02-2019 15:25,2 mins 13 secs,2,0,0,0,0,0,0,0,1,1,0
16BTCSES6,Prince rani kantiya,,,,,Finished,14-02-2019 15:26,14-02-2019 15:54,28 mins 19 secs,4,0,0,0,0,1,0,1,1,1,0
16BTCSES5,ABHIMANYU  THAKUR,,,,,Finished,14-02-2019 15:27,14-02-2019 15:31,3 mins 55 secs,8,1,1,0,1,1,1,1,1,1,0
16BTCSES5,RATNESH  KUMAR,,,,,Finished,14-02-2019 15:28,14-02-2019 15:45,16 mins 39 secs,6,1,1,1,0,0,0,1,1,0,1
16BTCSES5,ASIF  ANSARI,,,,,Finished,14-02-2019 15:28,14-02-2019 15:49,20 mins 57 secs,8,1,1,1,0,0,1,1,1,1,1
16BTCSDAS1,PRIYANKA,,,,,Finished,14-02-2019 15:29,14-02-2019 15:30,1 min 22 secs,10,1,1,1,1,1,1,1,1,1,1
16BTCSES5,PRASHANT  VERMA,,,,,Finished,14-02-2019 15:29,14-02-2019 15:45,15 mins 35 secs,6,1,0,0,0,1,0,1,1,1,1
16BTCSES5,KRISHNA KANT TIWARI,,,,,Finished,14-02-2019 15:29,14-02-2019 15:43,14 mins 15 secs,6,1,1,1,0,1,0,0,1,1,0
16BTCSES5,Rishabh  Gupta,,,,,Finished,14-02-2019 15:29,14-02-2019 15:34,5 mins 4 secs,10,1,1,1,1,1,1,1,1,1,1
16BTCSES5,HIMANSHU,,,,,Finished,14-02-2019 15:29,14-02-2019 15:47,18 mins,5,1,1,0,0,1,0,0,1,1,0
16BTCSES5,SWAPNAL KUMAR GUPTA,,,,,Finished,14-02-2019 15:31,14-02-2019 15:53,21 mins 37 secs,7,0,1,0,1,0,1,1,1,1,1
16BTCSES3,RIYA  TYAGI,,,,,Finished,14-02-2019 15:32,14-02-2019 15:50,18 mins 26 secs,5,0,0,0,0,1,0,1,1,1,1
16BTCSES5,NITISH  KUMAR.,,,,,Finished,14-02-2019 15:32,14-02-2019 15:53,20 mins 33 secs,5,0,1,0,0,0,1,1,1,0,1
16BTCSES5,PRAKHAR  KHARE,,,,,Finished,14-02-2019 15:33,14-02-2019 15:50,17 mins 39 secs,9,1,1,1,0,1,1,1,1,1,1
16BTCSES5,KISLAY  KUMAR,,,,,Finished,14-02-2019 15:33,14-02-2019 15:37,3 mins 59 secs,10,1,1,1,1,1,1,1,1,1,1
16BTCSDAS1,RAJSHREE  GAUTAM,,,,,Finished,14-02-2019 15:35,14-02-2019 15:39,4 mins 28 secs,9,0,1,1,1,1,1,1,1,1,1
16BTCSES5,RAHUL KUMAR SRIVASTAVA,,,,,Finished,14-02-2019 15:39,14-02-2019 15:41,1 min 48 secs,9,1,1,1,1,1,1,1,1,1,0
16BTCSDAS1,ANANYA  AGARWAL,,,,,Finished,14-02-2019 15:41,14-02-2019 15:43,1 min 32 secs,9,1,1,0,1,1,1,1,1,1,1
16BTCSDAS1,SAUMYA  GUPTA,,,,,Finished,14-02-2019 15:45,14-02-2019 15:46,1 min 10 secs,10,1,1,1,1,1,1,1,1,1,1
16BTCSES7,SHILPI  KUMARI,,,,,Finished,14-02-2019 15:50,14-02-2019 15:53,3 mins 29 secs,10,1,1,1,1,1,1,1,1,1,1
16BTCSES3,AKSHIT  GAMBHIR,,,,,Finished,14-02-2019 15:51,14-02-2019 16:30,39 mins 10 secs,10,1,1,1,1,1,1,1,1,1,1
16BTCSES3,CHARCHIKA  BAIS,,,,,Finished,14-02-2019 15:56,14-02-2019 16:02,6 mins 2 secs,10,1,1,1,1,1,1,1,1,1,1
16BTCSES3,AADITYA RAJIV AGRAWAL,,,,,Finished,14-02-2019 16:00,14-02-2019 16:18,17 mins 41 secs,10,1,1,1,1,1,1,1,1,1,1
16BTCSES7,MOHAMMAD AHMAD SHEIKH,,,,,Finished,14-02-2019 16:01,14-02-2019 16:05,4 mins 23 secs,10,1,1,1,1,1,1,1,1,1,1
16BTCSES3,AKRITI  SINGH,,,,,Finished,14-02-2019 16:05,14-02-2019 16:12,6 mins 45 secs,10,1,1,1,1,1,1,1,1,1,1
16BTCSES3,Damini  Verma,,,,,Finished,14-02-2019 16:06,14-02-2019 16:08,2 mins 15 secs,10,1,1,1,1,1,1,1,1,1,1
16BTCSES6,SACHIN  SINGH,,,,,Finished,14-02-2019 16:06,14-02-2019 16:07,1 min 15 secs,8,0,1,0,1,1,1,1,1,1,1
16BTCSES6,Ambika,,,,,Finished,14-02-2019 16:08,14-02-2019 16:09,56 secs,9,0,1,1,1,1,1,1,1,1,1
16BTCSES5,PRAKHAR  BANSAL,,,,,Finished,14-02-2019 16:17,14-02-2019 16:24,6 mins 24 secs,10,1,1,1,1,1,1,1,1,1,1
16BTCSES3,BAKHTAWAR  PARVEZ,,,,,Finished,14-02-2019 16:21,14-02-2019 16:22,1 min 18 secs,10,1,1,1,1,1,1,1,1,1,1
16BTCSDAS1,Kapeesh  Chaubey,,,,,Finished,14-02-2019 16:43,14-02-2019 16:45,1 min 52 secs,10,1,1,1,1,1,1,1,1,1,1
16BTCSES4,SHRIKANT  JHA,,,,,Finished,14-02-2019 16:49,14-02-2019 16:57,7 mins 7 secs,9,1,1,0,1,1,1,1,1,1,1
16BTCSES4,ABHAY SINGH DHAUNI,,,,,Finished,14-02-2019 16:50,14-02-2019 16:57,7 mins 5 secs,10,1,1,1,1,1,1,1,1,1,1
16BTCSES1,ASHWIN  ANAND,,,,,Finished,14-02-2019 16:58,14-02-2019 17:04,6 mins 16 secs,2,0,0,0,0,0,1,0,1,0,0
16BTCSES4,ASHIRUL HARAMAIN ANSARI,,,,,Finished,14-02-2019 17:03,14-02-2019 17:05,1 min 2 secs,4,0,0,1,0,1,0,1,1,-,-
16BTCSES7,DEEPAK  YADAV,,,,,Finished,04-03-2019 18:40,04-03-2019 18:59,18 mins 59 secs,8,1,1,0,0,1,1,1,1,1,1
16BTCSES3,KAIF  JAMIL,,,,,Finished,04-03-2019 18:45,04-03-2019 18:57,11 mins 52 secs,8,1,1,0,0,1,1,1,1,1,1
16BTCSES12,AKASH  TANGAR,,,,,Finished,04-03-2019 18:58,04-03-2019 19:16,18 mins 15 secs,4,1,0,0,0,1,0,1,1,0,0
16BTBAOS1,ADITYA  MOGHA,,,,,Finished,04-03-2019 19:40,04-03-2019 19:42,2 mins 8 secs,10,1,1,1,1,1,1,1,1,1,1
16BTCSCCS2,ROHAN  PRASAD,,,,,Finished,04-03-2019 19:41,04-03-2019 19:44,2 mins 56 secs,10,1,1,1,1,1,1,1,1,1,1
16BTCSES7,SANDEEP  GOND,,,,,Finished,04-03-2019 19:52,04-03-2019 21:35,1 hour 42 mins,5,0,0,0,0,1,1,0,1,1,1
16BTCSES7,RAVI RAJ SINGH,,,,,Finished,04-03-2019 20:29,04-03-2019 20:31,2 mins 1 sec,3,0,0,0,1,0,0,0,1,1,0
16BTCSES9,AANCHAL,,,,,Finished,04-03-2019 22:11,04-03-2019 22:41,29 mins 57 secs,4,0,0,0,0,0,1,1,1,1,0
16BTCSES9,SHREYASHKAR  SHARMA,,,,,Finished,04-03-2019 22:12,04-03-2019 22:41,29 mins 7 secs,4,0,0,0,0,0,1,1,1,1,0
16BTCSES10,RAHUL  SINGHAL,,,,,Finished,04-03-2019 23:08,04-03-2019 23:27,19 mins 2 secs,7,1,0,0,0,1,1,1,1,1,1
16BTCSES10,SHIVAM  MISHRA,,,,,Finished,05-03-2019 03:02,05-03-2019 03:06,4 mins 37 secs,4,0,0,1,0,0,0,1,1,1,0
16BTCSCCS2,SHIVAM  KUSHWAHA,,,,,Finished,05-03-2019 09:34,05-03-2019 09:35,1 min 16 secs,1,1,0,0,0,0,0,0,0,0,0
16BTCSCNS1,MUZAMMIL,,,,,Finished,05-03-2019 09:47,05-03-2019 10:07,19 mins 56 secs,3,0,0,0,0,0,1,1,1,0,0
16BTCSCNS1,UJJWAL  SAHU,,,,,In progress,05-03-2019 09:56,-,-,-,-,-,-,-,-,-,-,-,-,-
16BTCSCNS1,Kunal  Mehlawat,,,,,Finished,05-03-2019 10:02,05-03-2019 10:04,1 min 18 secs,4,0,0,1,0,0,0,1,1,0,1
16BTCSES10,VIPUL  PANDEY,,,,,Finished,05-03-2019 10:42,05-03-2019 10:57,15 mins 7 secs,4,1,0,0,0,0,0,1,1,1,0
16BTCSES6,SUHAIL BADAR ANSARI,,,,,Finished,05-03-2019 11:07,05-03-2019 11:15,7 mins 23 secs,5,1,1,1,0,0,1,0,1,0,0
16BTCSES10,TALHA,,,,,Finished,05-03-2019 11:14,05-03-2019 11:22,7 mins 47 secs,3,0,0,0,1,0,0,0,1,1,0
16BTCSES6,SHIVAM S RAWAT,,,,,Finished,05-03-2019 11:16,05-03-2019 11:18,1 min 26 secs,10,1,1,1,1,1,1,1,1,1,1
16BTCSES10,MADHUKAR  CHATURVEDI,,,,,Finished,05-03-2019 11:25,05-03-2019 11:27,2 mins,2,1,0,0,0,0,1,0,0,0,0
16BTCSES10,AYUSH  MISHRA,,,,,Finished,05-03-2019 11:28,05-03-2019 11:29,1 min 12 secs,3,0,0,0,0,0,1,0,1,1,0
16BTCSES7,ANSHUMAN  DWIVEDI,,,,,Finished,05-03-2019 20:04,05-03-2019 20:29,24 mins 51 secs,5,1,0,1,0,0,1,0,1,1,0
16BTCSES2,EJAZ  BAKHSH,,,,,Finished,05-03-2019 20:47,05-03-2019 20:56,8 mins 59 secs,7,0,1,1,0,0,1,1,1,1,1
16BTCSES9,prajjwal  pandey,,,,,Finished,05-03-2019 20:55,05-03-2019 21:54,59 mins,4,1,1,0,0,-,0,1,1,0,0
16BTCSES10,TABISH  KHAN,,,,,Finished,05-03-2019 21:25,05-03-2019 21:36,11 mins 8 secs,4,0,0,0,0,0,1,1,1,1,0
16BTCSES4,Abhishek  Ranjan,,,,,Finished,05-03-2019 22:04,05-03-2019 22:30,26 mins 2 secs,6,1,0,0,0,1,1,1,0,1,1
16BTCSES10,SATYAM  MISHRA,,,,,Finished,05-03-2019 22:13,05-03-2019 22:42,28 mins 50 secs,5,1,0,0,0,0,1,1,1,1,0
16BTCSES4,JAYESH  BANSAL,,,,,Finished,05-03-2019 22:25,05-03-2019 22:30,4 mins 37 secs,10,1,1,1,1,1,1,1,1,1,1
16BTCSES7,ANKIT KUMAR NANDAN,,,,,Finished,05-03-2019 22:35,05-03-2019 22:43,7 mins 48 secs,3,0,0,1,0,1,0,0,1,0,0
16BTCSES8,shivendra pratap singh,,,,,Finished,05-03-2019 23:03,05-03-2019 23:20,16 mins 10 secs,5,1,0,0,0,0,1,1,1,1,0
16BTCSES11,SHIVA  TAMRKAR,,,,,Finished,05-03-2019 23:12,05-03-2019 23:16,3 mins 51 secs,10,1,1,1,1,1,1,1,1,1,1
16BTCSES2,ANMOL KUMAR SONI,,,,,Finished,05-03-2019 23:18,05-03-2019 23:51,32 mins 52 secs,8,1,1,0,0,1,1,1,1,1,1
16BTCSES2,NIKHIL KUMAR SINGH,,,,,Finished,05-03-2019 23:51,06-03-2019 00:00,9 mins 21 secs,10,1,1,1,1,1,1,1,1,1,1
16BTCSDAS1,ROHAN  BALI,,,,,Finished,05-03-2019 23:58,06-03-2019 00:13,15 mins 7 secs,3,0,0,0,0,0,0,1,1,1,0
16BTCSES2,SHIVAM KUMAR MODANWAL,,,,,Finished,06-03-2019 00:01,06-03-2019 00:08,6 mins 56 secs,10,1,1,1,1,1,1,1,1,1,1
16BTCSES7,APOORV  MISRA,,,,,Finished,06-03-2019 02:15,06-03-2019 02:31,15 mins 54 secs,6,1,0,0,0,0,1,1,1,1,1
16BTCSES1,KAUSTUBH  BHOWMICK,,,,,Finished,06-03-2019 02:19,06-03-2019 02:44,24 mins 44 secs,6,1,0,0,0,1,1,0,1,1,1
16BTCSES7,ANKIT  GODELA,,,,,Finished,06-03-2019 02:53,06-03-2019 03:04,10 mins 34 secs,3,0,1,0,0,0,0,0,1,1,0
16BTCSES8,AAKASH  VERMA,,,,,Finished,06-03-2019 05:29,06-03-2019 05:41,12 mins 41 secs,5,1,0,0,0,0,1,0,1,1,1
16BTCSES8,ADITYA PRATAP SINGH,,,,,Finished,06-03-2019 07:10,06-03-2019 07:18,7 mins 16 secs,2,0,0,0,0,0,0,0,0,1,1
16BTCSES4,Ankita  Singh,,,,,Finished,06-03-2019 07:49,06-03-2019 07:51,2 mins 22 secs,2,0,0,0,0,0,0,1,1,0,0
16BTCSES2,UTTAM  KUMAR,,,,uttamkumar@galgotiasuniversity.edu.in,Finished,06-03-2019 07:58,06-03-2019 08:14,16 mins 12 secs,4,1,0,0,0,0,1,0,1,0,1
16BTCSES8,SHREY  JAIN,,,,shrey.jain@galgotiasuniversity.edu.in,Finished,06-03-2019 08:05,06-03-2019 08:10,5 mins 23 secs,4,1,1,0,1,0,0,0,1,0,0
Overall average,,,,,,,,,,7.4,0.79,0.7,0.61,0.49,0.7,0.77,0.84,0.86,0.89,0.75
